 	분류	타입1	타입2	타입3	위력	명중	대상	우선도	접촉 여부	효과	태그1	태그2	태그3	태그4	공격자 능력치	방어자 능력치	타입 순서
가시대포	물리	노말			20	100	단일	±0	×	2～5회 「연속」 기술．		연속			공격	방어	1
가위자르기	물리	노말			－	30	단일	±0	○	「일격필살」 기술．	일격필살				－	－	1
각지기	변화	노말			－	－	자신	±0	×	「공격＋1」					－	－	1
간지르기	변화	노말			－	100	단일	±0	×	「공격/방어－1」					－	－	1
강화펀치	물리	노말			250	90	단일	±0	○	「펀치」 기술．자신의 HP가 「가득」일 때，위력이 강화（2배）된다．	펀치			전용기술	공격	방어	1
개벽의빛	특수	노말			160	85	단일	±0	×	상대의 HP가 1/2 이상일 때，이 기술의 우선도를＋2한다．				전용기술	특공	특방	1
객기	물리	노말			70	100	단일	±0	○	자신이 「상태이상」일 때， 위력이 강화（2배）된다．「화상」 상태의 「공격」 반감을 무효화한다．					공격	방어	1
거합베기	물리	노말			50	95	단일	±0	○	「칼/검」 기술．	칼/검				공격	방어	1
거합뽑기	물리	노말			75	100	단일	－7	○	「칼/검」 기술．상대의 「방어」 기술을 해제한다．상대가 「방어」 기술을 내보내고 있으면 위력이 강화（2배）된다．	칼/검	방어관통			공격	방어	1
검은눈빛	변화	노말			－	－	단일	±0	×	3T 동안 상대를 「검은눈빛」 상태로 한다．		검은눈빛			－	－	1
겁나는얼굴	변화	노말			－	100	단일	±0	×	「속도－2」					－	－	1
게으름피우기	변화	노말			－	－	자신	±0	×	HP를 1/2만큼 회복한다．		회복			－	－	1
경혈찌르기	변화	노말			－	－	자신	±0	×	「랜덤한 능력치＋2」（명중/회피 포함）					－	－	1
고대의파동	특수	노말			90	100	단일	±0	×	「파동」 기술．상대의 「방어/특방/회피」의 상승（강화）을 관통한다．	파동	상승무시			특공	특방	1
고속스핀	물리	노말			50	100	단일	±0	○	자진（자신）의 「설치물」「조이기」 상태를 해제한다．「10할：속도＋1」		해제			공격	방어	1
고속킥	물리	노말			75	100	단일	±0	○	「킥」 기술．내보낼 때，자신의 「속도」을 강화（1.5배）한다．	킥				공격	방어	1
고양이돈받기	물리	노말			40	100	단일	±0	×	특수효과 없음．					공격	방어	1
괴력	물리	노말			80	100	단일	±0	○	특수효과 없음．					공격	방어	1
괴리검	물리	노말			120	90	전체	±0	×	명중 후，전체 필드의 특수한 상태를 해제한다．		해제		전용기술	공격	방어	1
구슬던지기	물리	노말			15	85	단일	±0	×	「탄/볼」 기술．2～5회 「연속」 기술．	탄/볼	연속			공격	방어	1
그림자분신	변화	노말			－	－	자신	±0	×	「회피＋1」					－	－	1
기가임팩트	물리	노말			150	90	단일	±0	○	명중 후，다음 T 종료 후까지 자신을 「행동불능」 상태로 한다．		행동불능			공격	방어	1
기충전	변화	노말			－	－	자신	±0	×	자신을 「기충전」 상태로 한다．（C＋2）					－	－	1
기프트패스	변화	노말			－	－	단일	±0	×	자신의 「소지품」을 상대에게 넘겨준다．상대에게 「소지품」이 있으면 실패한다．					－	－	1
김밥말이	물리	노말			15	90	단일	±0	○	4～5T 동안 상대를 「조이기」 상태로 한다．		조이기			공격	방어	1
껍질깨기	변화	노말			－	－	자신	±0	×	「공격/특공/속도＋2」，「방어/특방－1」					－	－	1
꼬리미사일	물리	노말			80	－	단일	±0	×	「꼬리」 기술．	꼬리	필중			공격	방어	1
꼬리자르기	변화	노말			－	－	자신	±0	×	「유턴」 기술．HP를 1/2만큼 지불하고，자진을 「대타출동」 상태로 한다．			유턴		－	－	1
꼬리흔들기	변화	노말			－	100	단일	±0	×	「방어－1」					－	－	1
꿀꺽	변화	노말			－	－	자신	±0	×	자신의 「비축하기」 상태를 해제해，「비축하기」 상태의 횟수에 따라 HP를 회복한다．（1/4，1/2，「가득」）		회복			－	－	1
꿰뚫어보기	변화	노말			－	－	자신	±0	×	상대의 데이터를 해석하고，자신을 「꿰뚫어보기」 상태로 한다．		방어관통			－	－	1
끌어내기	변화	노말			－	90	단일	－7	×	상대를 「강제교대」시켜，임의의 상대 포켓몬을 필드에 끌어낸다．					－	－	1
난동부리기	물리	노말			150	100	단일	±0	○	2T 동안 자신을 「난동부리기」 상태로 한다．		난동부리기			공격	방어	1
날따름	변화	노말			－	－	자신	＋2	×	T 종료 시까지，자신을 「날따름」 상태로 한다．				더블배틀	－	－	1
날려버리기	변화	노말			－	－	단일	－6	×	「바람」 기술．「강제교대」 기술．	바람		강제교대		－	－	1
냄새구별	변화	노말			－	－	자신	±0	×	상대의 데이터를 해석하고，자신을 「꿰뚫어보기」 상태로 한다．		방어관통			－	－	1
노래하기	변화	노말			－	55	단일	±0	×	「소리」 기술．상대를 「잠듦」 상태로 한다．	소리				－	－	1
누르기	물리	노말			85	100	단일	±0	○	상대가 「작아지기」 상태일 때，위력이 강화（2배）되고 「필중」 효과가 부여된다．「3할：마비」					공격	방어	1
눈물그렁그렁	변화	노말			－	－	단일	±0	×	「공격/특공－1」		방어관통			－	－	1
다과회	변화	노말			－	－	필드	±0	×	필드의 전원이 지니고 있는 「나무열매」를 먹는다．					－	－	1
단단해지기	변화	노말			－	－	자신	±0	×	「방어＋1」					－	－	1
달콤한향기	변화	노말			－	100	전체	±0	×	「회피－2」					－	－	1
당신먼저	변화	노말			－	－	단일	±0	×	대상을 자신의 바로 다음에 행동하게 한다．				더블배틀	－	－	1
대타출동	변화	노말			－	－	자신	±0	×	HP를 1/4만큼 지불하고，자진을 「대타출동」 상태로 한다．					－	－	1
대폭발	물리	노말			250	100	전체	±0	×	자신을 「빈사」 상태로 하고，상대의 「방어」 능력치를 반감해서 대미지를 계산한다．	자폭	방반감			공격	방어	1
더블어택	물리	노말			35	90	단일	±0	○	2회 「연속」 기술．		연속			공격	방어	1
도우미	변화	노말			－	－	단일	＋5	×	아군을 「도우미」 상태로 한다．				더블배틀	－	－	1
돌림노래	특수	노말			60	100	단일	±0	×	「소리」 기술．아군이 같은 기술을 내보내면 바로 다음에 행동하고，위력이 강화（2배）된다．	소리			더블배틀	특공	특방	1
돌진	물리	노말			90	85	단일	±0	○	준 대미지의 1/4만큼 반동 대미지를 받는다．		반동			공격	방어	1
동료만들기	변화	노말			－	100	단일	±0	×	상대의 〔특성〕을 자신과 같은 〔특성〕으로 변경한다．		특성변경			－	－	1
비장의무기	물리	노말			140	100	단일	±0	○	모든 기술을 1번 이상 내보낸 후가 아니면 실패한다．					공격	방어	1
때려눕히기	물리	노말			150	85	단일	－7	○	특수효과 없음．					공격	방어	1
록클라임	물리	노말			90	85	단일	±0	○	「2할：혼란」					공격	방어	1
로켓박치기	물리	노말			130	100	단일	±0	○	「모으기」 기술．「방어＋1」	모으기				공격	방어	1
록온	변화	노말			－	－	단일	±0	×	상대를 「마음의눈」 상태로 한다．					－	－	1
리사이클	변화	노말			－	－	자신	±0	×	자신이 소모한 「소지품」을 다시 얻는다．					－	－	1
리프레시	변화	노말			－	－	자신	±0	×	「독」「마비」「화상」 상태를 치유한다．		치유			－	－	1
마구찌르기	물리	노말			15	85	단일	±0	○	2～5회 「연속」 기술．		연속			공격	방어	1
마구할퀴기	물리	노말			18	80	단일	±0	○	2～5회 「연속」 기술．		연속			공격	방어	1
마음의눈	변화	노말			－	－	단일	±0	×	상대를 「마음의눈」 상태로 한다．					－	－	1
마지막수단	특수	노말			*	－	단일	±0	×	남은 PP에 따라 위력이 변화한다．		필중			특공	특방	1
막치기	물리	노말			40	100	단일	±0	○	특수효과 없음．					공격	방어	1
먹칠하기	변화	노말			－	－	단일	±0	×	상대의 〔특성〕을 〔칠흑〕으로 변겅한다．		특성변경			－	－	1
멀리짖기	변화	노말			－	－	자신	±0	×	「소리」 기술．「공격＋1」	소리				－	－	1
메가톤캐논	특수	노말			120	75	단일	±0	×	특수효과 없음．					특공	특방	1
메가톤킥	물리	노말			120	75	단일	±0	○	「킥」 기술．	킥				공격	방어	1
메가톤펀치	물리	노말			80	85	단일	±0	○	「펀치」 기술．	펀치				공격	방어	1
멸망의노래	변화	노말			－	－	필드	±0	×	「소리」 기술．필드의 전원의 「죽음의 카운트」를 「4」로 한다．（이미 「죽음의 카운트」가 있는 포켓몬은 변경되지 않는다．）	소리				－	－	1
모피로방어	변화	노말			－	－	자신	＋3	×	「방어」 기술．상대의 「공격」 기술을 「방어」한다．연속해서 내보내면 실패하기 쉽다．「접촉」 기술을 무효화했을 때，자신의 「방어＋1」	방어				－	－	1
몸통박치기	물리	노말			40	100	단일	±0	○	특수효과 없음．					공격	방어	1
무리로덮치기	물리	노말			140	100	단일	±0	×	「미래예지」 기술．상대를 「무리로덮치기」 상태로 한다．	미래예지	방어관통		전용기술	공격	방어	1
묵사발（1P）	물리	노말			1	100	단일	±0	○	상대의 현재 HP가 많을수록 위력이 강화된다．		체력비례			공격	방어	1
묵사발（2P）	물리	노말			121	100	단일	±0	○	상대의 현재 HP가 많을수록 위력이 강화된다．		체력비례			공격	방어	1
물통돌리기	변화	노말			－	－	단일	－3	×	「강제교대」 기술．상대의 「능력변화」를 인계한다．		필중	강제교대		－	－	1
미러타입	변화	노말			－	－	단일	±0	×	자신의 타입을 상대와 똑같은 타입으로 변경한다．		타입변경			－	－	1
바둥바둥（1P）	물리	노말			20	100	단일	±0	○	자신의 현재 HP가 적을수록 위력이 강화된다．		체력비례			공격	방어	1
바둥바둥（2P）	물리	노말			200	100	단일	±0	○	자신의 현재 HP가 적을수록 위력이 강화된다．		체력비례			공격	방어	1
박치기	물리	노말			70	100	단일	±0	○	「3할：풀죽음」					공격	방어	1
방어	변화	노말			－	－	자신	＋4	×	「방어」 기술．연속해서 내보내면 실패하기 쉽다．	방어				－	－	1
배북	변화	노말			－	－	자신	±0	×	HP를 1/2만큼 지불하고，자신의 「능력변화：공격」을 「＋6」으로 한다．					－	－	1
배턴터치	변화	노말			－	－	아군	±0	×	「유턴」 기술．자신의 「능력변화」「상태변화」를 인계한다．（상대의 「추격」효과가 적용된다．）			유턴		－	－	1
뱀눈초리	변화	노말			－	100	단일	±0	×	상대를 「마비」 상태로 한다．					－	－	1
버티기	변화	노말			－	－	자신	＋4	×	「빈사」가 되는 공격을 남은 HP 「1」로 버틴다．연속해서 내보내면 실패하기 쉽다．					－	－	1
베껴그리기	변화	노말			－	－	단일	±0	×	필드의 아군 전원의 〔특성〕을 상대와 같은 〔특성〕으로 변경한다．		특성		더블배틀	－	－	1
베어가르기	물리	노말			70	100	단일	±0	○	「칼/검」 기술．급소에 맞기 쉽다（C＋1）．	칼/검				공격	방어	1
변신	변화	노말			－	－	자신	±0	×	상대 포켓몬으로 변신한다．상대와 완전히 똑같은 기술을 내보낼 수 있다．					－	－	1
보고흉내내기	변화	노말			－	－	단일	±0	×	상대가 가장 마지막에 내보낸 기술을 내보낸다．					－	－	1
보호색	변화	노말			－	－	자신	±0	×	자신의 타입을 장소에 맞춰서 변경한다．		타입변경			－	－	1
볼가득넣기	변화	노말			－	－	자신	±0	×	지니고 있는 「나무열매」를 먹고，「방어＋2」					－	－	1
부르짖기	변화	노말			－	100	단일	±0	×	「소리」 기술．「공격/특공－1」	소리				－	－	1
분노	변화	노말			－	－	자신	±0	○	5T 동안 자신을 「분노」 상태로 한다．					－	－	1
분노의앞니	물리	노말			－	90	단일	±0	○	상대에게 현재 HP의 1/2만큼 고정 대미지를 준다．		고정피해			－	－	1
분발	변화	노말			－	－	자신	±0	×	「공격/특공＋1」					－	－	1
분진폭파	물리	노말			250	100	전체	±0	×	상대가 「분진」 상태가 아니면 기술을 내보낸 후 자신을 「빈사」 상태로 한다．상대의 「방어」 능력치를 반감해서 대미지를 계산한다．	자폭	방반감			공격	방어	1
브레이크댄스	물리	노말			70	100	단일	±0	×	「춤」 기술．「5할：공격＋1」	춤				공격	방어	1
브레이크클로	물리	노말			75	95	단일	±0	○	「5할：방어－1」					공격	방어	1
블록	변화	노말			－	－	단일	±0	×	3T 동안 상대를 「검은눈빛」 상태로 한다．		검은눈빛			－	－	1
비밀의힘	물리	노말			70	100	단일	±0	×	「힘」 기술．장소에 따라 추가효과가 변화한다．	힘				공격	방어	1
비밀이야기	변화	노말			－	－	단일	±0	×	「소리」 기술．「특공－1」	소리				－	－	1
비축하기	변화	노말			－	－	자신	±0	×	「방어/특방＋1」．최대 3회까지 비축할 수 있다．					－	－	1
빠르게찌르기	물리	노말			80	100	단일	±0	○	자신과 상대의 「속도」 능력치로 대미지를 계산한다．		변칙계산			속도	속도	1
뽐내기	변화	노말			－	85	단일	±0	×	상대를 「혼란」 상태로 하고，상대의 「공격＋2」					－	－	1
뿔드릴	물리	노말			－	30	단일	±0	○	「일격필살」 기술．	일격필살				－	－	1
뿔로꿰뚫기	물리	노말			100	85	단일	－3	○	상대의 「방어」 기술을 관통한다．		방어관통			공격	방어	1
뿔찌르기	물리	노말			65	100	단일	±0	○	특수효과 없음．					공격	방어	1
사슬묶기	변화	노말			－	－	단일	±0	×	4T 동안 상대를 「사슬묶기」 상태로 한다．					－	－	1
사야의노래	특수	노말			130	90	단일	±0	×	「소리」 기술．명중 후，자신의 「특공－2」	소리			전용기술	특공	특방	1
상황살피기	변화	노말			－	－	자신	＋1	×	「회피＋1」．연속해서 내보내면 실패하기 쉽다．（「방어」 기술과 동일 판정．）					－	－	1
선취	변화	노말			－	－	단일	±0	×	상대가 내보낼 공격기술의 위력을 강화（1.5배）해 내보낸다．상대보다 먼저 내보내지 않으면 실패한다．연속해서 내보내면 실패하기 쉽다．（「방어」 기술과 동일 판정．）					－	－	1
성스러운노래	특수	노말			100	100	전체	±0	×	「소리」 기술．상대가 「악」「고스트」 타입일 때，「효과가 굉장」해진다．	소리	상성변경		전용기술	특공	특방	1
성장	변화	노말			－	－	자신	±0	×	「공격/특공＋1」．날씨가 「쾌청（큰가뭄）」일 때，「공격/특공＋2」					－	－	1
소닉붐	특수	노말			－	90	단일	±0	×	상대에게 20만큼 고정 대미지를 준다．		고정피해			－	－	1
소란피기	특수	노말			90	100	단일	±0	×	「소리」 기술．2～5T 동안 소란피워 공격한다．그 동안은 아무도 잠들지 않게 된다．	소리				특공	특방	1
속이기	물리	노말			40	100	단일	＋3	○	「필드에 나온 후 최초」가 아니면 실패한다．「10할：풀죽음」		최초			공격	방어	1
손가락흔들기	변화	노말			－	－	자신	±0	×	모든 기술 중 랜덤한 기술을 내보낸다．					－	－	1
손에손잡기	변화	노말			－	－	자진	±0	×	아무 일도 일어나지 않는다．					－	－	1
스위프뺨치기	물리	노말			25	85	단일	±0	○	2～5회 「연속」 기술．		연속			공격	방어	1
스케치	변화	노말			－	－	단일	±0	×	상대가 가장 마지막에 내보낸 기술을 「스케치」 대신 내보낼 수 있게 된다．					－	－	1
스포트라이트	변화	노말			－	－	단일	±0	×	공격을 모두 대상이 받게 한다．				더블배틀	－	－	1
스피드스타	특수	노말			60	－	전체	±0	×	특수효과 없음．		필중			특공	특방	1
시라뵤시	특수	노말			90	100	단일	±0	×	「춤」 기술．	춤				특공	특방	1
신비의부적	변화	노말			－	－	자진	±0	×	5T 동안 자진을 「신비의부적」 상태로 한다．	필드				－	－	1
신속	물리	노말			80	100	단일	＋2	○	특수효과 없음．					공격	방어	1
신속촙	물리	노말	격투		80	100	단일	＋2	○	「노말」「격투」 타입 중 유리한 타입 상성으로 대미지를 계산한다．		복합타입		전용기술	공격	특방	1
싫은소리	변화	노말			－	85	단일	±0	×	「소리」 기술．「방어－2」	소리				－	－	1
심플빔	변화	노말			－	100	단일	±0	×	상대의 〔특성〕을 〔단순〕으로 변경한다．		특성변경			－	－	1
십문자베기	물리	노말			100	50	단일	±0	○	「칼/검」 기술．2회 「연속」 기술．	칼/검	연속			공격	방어	1
아침햇살	변화	노말			－	－	자신	±0	×	HP를 회복한다．날씨에 따라 회복량이 변화한다．（1/4，1/2，2/3）		회복			－	－	1
아프로브레이크	물리	노말			120	100	단일	±0	○	준 대미지의 1/4만큼 반동 대미지를 받는다．		반동			공격	방어	1
아픔나누기	변화	노말			－	－	전체	±0	×	필드의 전원의 현재 HP를 더한 뒤 똑같이 배분한다．「방어」「대타출동」「매직코트」 상태（기술）를 관통한다．		고정피해 방어관통			－	－	1
악마의키스	변화	노말			－	75	단일	±0	×	상대를 「잠듦」 상태로 한다．					－	－	1
알낳기	변화	노말			－	－	자신	±0	×	HP를 1/2만큼 회복한다．		회복			－	－	1
알폭탄	물리	노말			100	75	단일	±0	×	「탄/볼」 기술．	탄/볼				공격	방어	1
암반나누기	물리	노말	격투		200	100	단일	±0	○	「노말」「격투」 타입 중 유리한 타입 상성으로 대미지를 계산한다．적진의 「벽」을 해제한 후 기술을 내보낸다．		깨트리기 복합타입		전용기술	공격	특방	1
앙코르	변화	노말			－	100	단일	±0	×	3T 동안 상대를 「앙코르」 상태로 한다．					－	－	1
야금야금	물리	노말			70	100	단일	±0	○	상대의 「방어/특방/회피」의 상승（강화）을 관통한다．		상승무시			공격	방어	1
에코보이스	특수	노말			40	100	단일	±0	×	「소리」 기술．매 T 누군가 이 기술을 사용하면 위력이 강화된다．（＋40，최대 200）	소리				특공	특방	1
연막	변화	노말			－	100	단일	±0	×	「명중－1」					－	－	1
연속뺨치기	물리	노말			15	85	단일	±0	○	2～5회 「연속」 기술．		연속			공격	방어	1
연속펀치	물리	노말			15	85	단일	±0	○	「펀치」 기술．2～5회 「연속」 기술．	펀치	연속			공격	방어	1
예민해지기	변화	노말			－	－	자신	±0	×	자신을 「예민해지기」 상태로 한다．					－	－	1
옛노래	특수	노말			75	100	단일	±0	×	「소리」 기술．「1할：잠듦」	소리				특공	특방	1
오토캐논	물리	노말			0	100	단일	±0	×	자신의 비축하기 횟수만큼 위력이 강화（＋100，최대 300）된다．		특수계산			공격	방어	1
우유마시기	변화	노말			－	－	자신	±0	×	HP를 1/2만큼 회복한다．		회복			－	－	1
울부짖기	변화	노말			－	－	단일	－6	×	「소리」 기술．「강제교대」 기술．	소리		강제교대		－	－	1
울음소리	변화	노말			－	－	전체	±0	×	「소리」 기술．「공격－1」	소리				－	－	1
웅크리기	변화	노말			－	－	자신	±0	×	자신을 「웅크리기」 상태로 하고，「방어/특방＋1」		웅크리기			－	－	1
원수갚기	물리	노말			70	100	단일	±0	○	「죽어내밀기」로 나온 T，위력이 강화（2배）된다．					공격	방어	1
유혹	변화	노말			－	100	단일	±0	×	「특공－2」．상대와 성별이 같으면 실패한다．					－	－	1
육탄전	물리	노말			120	100	단일	±0	○	명중 후，자신의 「방어/특방－1」					공격	방어	1
은혜갚기	물리	노말			－	100	단일	±0	○	친밀도가 높을수록 위력이 강화된다．（최대 102）．					공격	방어	1
이판사판태클	물리	노말			120	100	단일	±0	○	준 대미지의 1/3만큼 반동 대미지를 받는다．		반동			공격	방어	1
일격이탈	물리	노말			70	100	단일	±0	○	「유턴」 기술．			유턴		공격	방어	1
자기암시	변화	노말			－	－	단일	±0	×	상대의 「능력변화」를 자신에게 복사한다．					－	－	1
자기재생	변화	노말			－	－	자신	±0	×	HP를 1/2만큼 회복한다．		회복			－	－	1
자연의힘	변화	노말			－	－	?	±0	×	「힘」 기술．장소에 따라 나오는 기술이 변화한다．	힘				－	－	1
자폭	물리	노말			200	100	전체	±0	×	자신을 「빈사」 상태로 하고，상대의 「방어」 능력치를 반감해서 대미지를 계산한다．	자폭	방반감			공격	방어	1
작아지기	변화	노말			－	－	자신	±0	×	자신을 「작아지기」 상태로 하고，「회피＋1」		작아지기			－	－	1
잠꼬대	변화	노말			－	－	자신	±0	×	자신이 기억하고 있는 기술 중 하나를 무작위로 내보낸다．자신이 「잠듦」 상태가 아니면 실패한다．					－	－	1
재기환발	변화	노말			－	－	자신	±0	×	「전능력치＋1」					－	－	1
잼잼펀치	물리	노말			70	100	단일	±0	○	「펀치」 기술．「2할：혼란」	펀치				공격	방어	1
적당히손봐주기	물리	노말			40	100	단일	±0	○	상대가 공격을 남은 HP 「1」로 버틴다．					공격	방어	1
전광석화	물리	노말			40	100	단일	＋1	○	특수효과 없음．					공격	방어	1
정리정돈	변화	노말			－	－	필드	±0	×	전체 필드의 「대타출동」「설치물」 상태를 해제하고，자신의 「공격/속도＋1」		해제			－	－	1
정신차리기	물리	노말			60	100	단일	±0	○	상대의 「마비」 상태를 해제하고 위력이 강화（2배）된다．					공격	방어	1
제살깎기	변화	노말			－	－	자신	±0	×	HP를 1/2만큼 지불하고，자신의 「공격/특공/속도＋2」					－	－	1
조수	변화	노말			－	－	?	±0	×	아군 포켓몬이 기억하고 있는 기술 중 하나를 무작위로 내보낸다．					－	－	1
조이기	물리	노말			15	85	단일	±0	○	4～5T 동안 상대를 「조이기」 상태로 한다．		조이기			공격	방어	1
주술	변화	노말			－	－	자진	±0	×	5T 동안 자진을 「주술」 상태로 한다．	필드				－	－	1
죽기살기	물리	노말			－	100	단일	±0	○	상대의 HP가 자신의 HP와 같아지도록 대미지를 준다．					－	－	1
쥐어짜기（1P）	특수	노말			1	100	단일	±0	○	상대의 현재 HP가 많을수록 위력이 강화된다．상대의 「방어」 기술을 관통한다．		방어관통 체력비례			특공	특방	1
쥐어짜기（2P）	특수	노말			121	100	단일	±0	○	상대의 현재 HP가 많을수록 위력이 강화된다．상대의 「방어」 기술을 관통한다．		방어관통 체력비례			특공	특방	1
짓밟기	물리	노말			65	100	단일	±0	○	상대가 「작아지기」 상태일 때，위력이 강화（2배）되고 「필중」 효과가 부여된다．「3할：풀죽음」					공격	방어	1
째려보기	변화	노말			－	100	전체	±0	×	「방어－1」					－	－	1
찍찍베기	물리	노말			20	90	단일	±0	○	「칼/검」 기술．2～10회 「연속」 기술．	연속 칼/검				공격	방어	1
찝기	물리	노말			55	100	단일	±0	○	특수효과 없음．					공격	방어	1
참기	물리	노말			－	－	자신	＋1	○	2T 동안 상대로부터 받은 대미지의 2배만큼 고정 대미지를 준다．		고정피해			－	－	1
초음파	변화	노말			－	55	단일	±0	×	「소리」 기술．상대를 「혼란」 상태로 한다．	소리				－	－	1
축하	변화	노말			－	－	전체	±0	×	시스템창에 축하해! < 를 출력한다．					－	－	1
치료방울	변화	노말			－	－	아군	±0	×	「소리」 기술．아군 전원의 「상태이상」을 치유한다．	소리	치유			－	－	1
친해지기	변화	노말			－	－	단일	±0	×	「공격－1」					－	－	1
카구네로방어	변화	노말			－	－	자신	＋3	×	「방어」 기술．상대의 「공격」 기술을 「방어」한다．연속해서 내보내면 실패하기 쉽다．「접촉」 기술을 무효화했을 때，상대의 HP를 1/8만큼 드레인한다．	방어	드레인			－	－	1
카구네로베어가르기	물리	노말	고스트		130	85	단일	±0	○	「노말」「고스트」 타입 중 유리한 타입 상성으로 대미지를 계산한다．		복합타입			공격	방어	1
칼등치기	물리	노말			40	100	단일	±0	○	상대가 공격을 남은 HP 「1」로 버틴다．					공격	방어	1
칼바람	특수	노말			80	100	전체	±0	×	「모으기」 기술．급소에 맞기 쉽다（C＋1）．	모으기				특공	특방	1
칼춤	변화	노말			－	－	자신	±0	×	「춤」 기술．「공격＋2」	춤				－	－	1
코골기	특수	노말			50	100	단일	±0	×	「소리」 기술．자신이 「잠듦」 상태가 아니면 실패한다．「3할：풀죽음」	소리				특공	특방	1
코트체인지	변화	노말			－	100	필드	±0	×	자진/적진의 설치물 등을 전부 뒤바꾼다．					－	－	1
타이거클로	물리	노말	격투		130	85	단일	±0	○	「노말」「격투」 타입 중 유리한 타입 상성으로 대미지를 계산한다．		복합타입			공격	방어	1
탐내기	물리	노말			60	100	단일	±0	○	상대의 「소지품」을 약탈（파괴）한다．					공격	방어	1
테일크래시	물리	노말			130	70	단일	±0	○	「꼬리」 기술．「2할：풀죽음」	꼬리				공격	방어	1
텍스처	변화	노말			－	－	자신	±0	×	자신의 타입을 자신이 기억하고 있는 기술 중 하나와 같은 타입으로 변경한다．		타입변경			－	－	1
텍스처2	변화	노말			－	－	자신	±0	×	자신의 타입을 자신이 마지막으로 받은 기술에 저항할 수 있는 타입으로 변경한다．		타입변경			－	－	1
토해내기	특수	노말			0	100	단일	±0	×	자신의 비축하기 횟수만큼 위력이 강화（＋100，최대 300）된다．					특공	특방	1
튀어오르기	변화	노말			－	－	자신	±0	×	아무 일도 일어나지 않는다．					－	－	1
트라이어택	특수	노말			80	100	단일	±0	×	「2할：마비/화상/얼음」					특공	특방	1
트램펄린	변화	노말			－	－	적진	±0	×	「대지설치」 기술．적진에 「트램펄린」을 설치한다．	대지설치				－	－	1
파괴광선	특수	노말			150	90	단일	±0	×	명중 후，다음 T 종료 후까지 자신을 「행동불능」 상태로 한다．		행동불능			특공	특방	1
파괴의마포	특수	노말			250	90	전체	±0	×	명중 후，다음 T 종료 후까지 자신을 「행동불능」 상태로 한다．		행동불능		전용기술	특공	특방	1
파워시프트	변화	노말			－	－	자신	±0	×	자신의 「능력변화：공격」과 「능력변화：방어」를 뒤바꾼다．					－	－	1
페인트	물리	노말			70	100	단일	－3	○	상대의 「방어」 기술을 관통한다．		방어관통			공격	방어	1
폭음파	특수	노말			140	100	전체	±0	×	「소리」 기술．	소리				특공	특방	1
프레젠트	물리	노말			40	90	단일	±0	×	내보낼 때마다 위력이 랜덤하게 변화한다．상대의 HP를 1/4만큼 회복시켜 줄 때도 있다．					공격	방어	1
플래시	변화	노말			－	100	단일	±0	×	「명중－1」					－	－	1
필살앞니	물리	노말			80	90	단일	±0	○	「물기/엄니」 기술．「1할：풀죽음」	물기/엄니				공격	방어	1
하얀섬광	특수	노말			200	100	전체	＋2	×	상대의 〔방호 특성〕을 관통한다．연속해서 내보내면 실패하기 쉽다．（「방어」 기술과 별도 판정．）		특성관통		전용기술	특공	특방	1
하이퍼드릴	물리	노말			100	100	단일	±0	○	상대의 「방어」 기술을 관통한다．		방어관통			공격	방어	1
하이퍼보이스	특수	노말			90	100	단일	±0	×	「소리」 기술．	소리				특공	특방	1
하품	변화	노말			－	－	단일	±0	×	상대를 「하품」 상태로 한다．					－	－	1
할퀴기	물리	노말			40	100	단일	±0	○	특수효과 없음．					공격	방어	1
함정	변화	노말			－	－	적진	±0	×	「대지설치」 기술．적진에 「함정」을 설치한다．	대지설치				－	－	1
해피타임	변화	노말			－	－	필드	±0	×	배틀에서 승리했을 때 받는 돈이 증가한다．					－	－	1
헤롱헤롱	변화	노말			－	－	단일	±0	×	상대를 「헤롱헤롱」 상태로 한다．상대와 성별이 같으면 실패한다．					－	－	1
화풀이	물리	노말			－	100	단일	±0	○	친밀도가 낮을수록 위력이 강화된다．（최대 102）					공격	방어	1
회생의기도	변화	노말			－	－	자신	±0	×	「빈사」 상태인 아군을 HP 1/2로 「부활」시킨다．	부활				－	－	1
휘감기	물리	노말			10	100	단일	±0	○	「1할：속도－1」					공격	방어	1
휘둘러베기	물리	노말			100	100	단일	±0	○	「칼/검」 기술．	칼/검				공격	방어	1
흉내내기	변화	노말			－	－	단일	±0	×	상대의 기술을 모두 공개하고，그 중 1개를 선택해 「흉내내기」 대신 내보낼 수 있게 된다．					－	－	1
흉내쟁이	변화	노말			－	－	단일	±0	×	상대가 가장 마지막에 내보낸 기술을 내보낸다．					－	－	1
흔들흔들댄스	변화	노말			－	100	전체	±0	×	「춤」 기술．상대를 「혼란」 상태로 한다．	춤				－	－	1
희망사항	변화	노말			－	－	자진	±0	×	자진을 「희망사항」 상태로 한다．	필드				－	－	1
힘껏치기	물리	노말			80	75	단일	±0	○	특수효과 없음．					공격	방어	1
가열	변화	불꽃			－	－	자신	±0	×	자신을 「가열」 상태로 하고，「특방＋1」					－	－	2
검은불꽃	물리	불꽃			130	85	단일	±0	×	「2할：화상」					공격	방어	2
깜짝헤드	특수	불꽃			150	100	전체	±0	×	HP의 1/2만큼 반동 대미지를 받는다．		반동			특공	특방	2
깡그리태우기	변화	불꽃			－	－	자진	±0	×	자진의 「설치물」을 해제한다．		해제			－	－	2
니트로차지	물리	불꽃			50	100	단일	±0	○	「10할：속도＋1」					공격	방어	2
대격분	물리	불꽃			120	100	단일	±0	○	2T 동안 자신을 「난동부리기」 상태로 한다．		난동부리기			공격	방어	2
도깨비불	변화	불꽃			－	85	단일	±0	×	상대를 「화상」 상태로 한다．					－	－	2
도화선당기기	물리	불꽃			100	85	단일	＋2	○	「필드에 나온 후 최초」가 아니면 실패한다．		최초			공격	방어	2
따라가태우기	물리	불꽃			40	100	단일	±0	×	「추격」 기술．상대가 「임의교대」 도중일 때，위력이 강화（2배）된다．			추격		공격	방어	2
라이징임팩트	물리	불꽃			130	70	단일	±0	○	날씨가 「쾌청（큰가뭄）」일 때，「필중」 효과가 부여된다．					공격	방어	2
래피드파이어	물리	불꽃			40	100	단일	＋1	×	특수효과 없음．					공격	방어	2
로켓버너	물리	불꽃			130	100	단일	±0	○	「모으기」 기술．명중 후，자신의 「방어＋1」	모으기				공격	방어	2
마그마다이브	물리	불꽃			100	100	단일	±0	○	「모으기」 기술．상대의 「방어」 기술을 관통한다．1T째에 「불꽃속」으로 모습을 감추고，2T째에 공격한다．날씨가 「쾌청（큰가뭄）」일 때，모으기를 생략한다．	모으기	방어관통			공격	방어	2
마그마스톰	특수	불꽃			100	75	단일	±0	×	4～5T 동안 상대를 「조이기」 상태로 한다．상대가 「조이기」 상태일 때，「얼음」 상태가 되지 않는다．		조이기			특공	특방	2
매지컬플레임	특수	불꽃			75	100	단일	±0	×	「마법」 기술．「10할：특공－1」	마법				특공	특방	2
미사일폭격	물리	불꽃	강철		180	90	전체	＋5	×	「탄/볼」 기술．「강철」「불꽃」 타입 중 유리한 타입 상성으로 대미지를 계산한다．필드에 나온 후 2T째가 아니면 실패한다．	탄/볼	복합타입			공격	방어	2
번액셀	물리	불꽃			80	100	단일	±0	×	「3할：화상」					공격	방어	2
부싯주머니	특수	불꽃			80	100	단일	＋2	○	연속해서 내보내면 실패하기 쉽다．（「방어」 기술과 별도 판정．）					특공	특방	2
분노의불꽃	물리	불꽃			200	100	전체	±0	○	2T 동안 자신을 「난동부리기」 상태로 한다．		난동부리기		전용기술	공격	방어	2
분연	특수	불꽃			80	100	전체	±0	×	「3할：화상」					특공	특방	2
분화（1P）	특수	불꽃			150	100	전체	±0	×	자신의 현재 HP가 적을수록 위력이 약화된다．		체력비례			특공	특방	2
분화（2P）	특수	불꽃			0	100	전체	±0	×	자신의 현재 HP가 적을수록 위력이 약화된다．		체력비례			특공	특방	2
불기둥	변화	불꽃			－	－	적진	±0	×	「설치」 기술．적진에 「불기둥」을 설치한다．	설치				－	－	2
불꽃꼬리	물리	불꽃			90	90	단일	±0	○	「2할：화상」	꼬리				공격	방어	2
불꽃부리	물리	불꽃			100	90	단일	±0	○	급소에 맞기 쉽다（C＋1）．「2할：화상」					공격	방어	2
불꽃뿔	물리	불꽃			120	85	단일	－7	○	「강제교대」 기술．			강제교대		공격	방어	2
불꽃세례	특수	불꽃			40	100	단일	±0	×	「1할：화상」					특공	특방	2
불꽃엄니	물리	불꽃			65	95	단일	±0	○	「물기/엄니」 기술．「1할：화상」「1할：풀죽음」	물기/엄니				공격	방어	2
불꽃의나선	물리	불꽃			120	100	단일	±0	○	「모으기」 기술．상대의 「방어」 기술을 관통한다．1T째에 「불꽃속」으로 모습을 감추고，2T째에 공격한다．날씨가 「쾌청（큰가뭄）」일 때，모으기를 생략한다．	드릴/나선 모으기	방어관통			공격	방어	2
불꽃의맹세	특수	불꽃			80	100	단일	±0	×	「맹세」 기술．다른 「맹세」 기술과 연속해서 내보낼 때，특수한 효과가 발생한다．	맹세				특공	특방	2
불꽃의맹세（＋풀）	특수	불꽃			150	100	단일	±0	×	4T 동안 적진을 「불바다」 상태로 한다．	맹세				특공	특방	2
불꽃의칼	물리	불꽃			100	100	단일	±0	○	「칼/검」 기술．급소에 맞기 쉽다（C＋1）．「2할：화상」	칼/검				공격	방어	2
불꽃의화살	특수	불꽃			100	－	단일	－3	×	「화살」 기술．	화살	필중			특공	특방	2
불꽃채찍	물리	불꽃			80	100	단일	±0	○	「10할：방어－1」					공격	방어	2
불꽃춤	특수	불꽃			80	100	단일	±0	×	「춤」 기술．「5할：특공＋1」	춤				특공	특방	2
불꽃튀기기	특수	불꽃			70	100	단일	±0	×	상대 주위의 포켓몬에게 HP의 1/16만큼 고정 대미지를 준다．				더블배틀	특공	특방	2
불꽃펀치	물리	불꽃			75	100	단일	±0	○	「펀치」 기술．「1할：화상」	펀치				공격	방어	2
불놀이	물리	불꽃			20	100	단일	±0	○	「10할：화상」					공격	방어	2
불대문자	특수	불꽃			110	85	단일	±0	×	「1할：화상」					특공	특방	2
불붙이기	특수	불꽃			40	－	단일	±0	×	「10할：도발」		필중			특공	특방	2
불사르기	특수	불꽃			130	100	단일	±0	×	자신이 「불꽃」 타입이 아니면 실패한다．명중 후，자신의 「불꽃」 타입을 「없음」으로 한다．		타입변경			특공	특방	2
불지피기	변화	불꽃			－	100	단일	±0	×	상대의 타입을 「불꽃」으로 변경한다．		타입변경	타입변경		－	－	2
불타는번개	특수	불꽃	전기		130	85	단일	±0	×	「불꽃」「전기」 타입 중 유리한 타입 상성으로 대미지를 계산한다．		복합타입			특공	특방	2
불타는인분	특수	불꽃	벌레		130	85	단일	±0	×	「불꽃」「벌레」 타입 중 유리한 타입 상성으로 대미지를 계산한다．		복합타입			특공	특방	2
불타는질풍	특수	불꽃	비행		130	85	단일	±0	×	「불꽃」「비행」 타입 중 유리한 타입 상성으로 대미지를 계산한다．		복합타입			특공	특방	2
불태우기	특수	불꽃			60	100	단일	±0	×	「소지품 파괴」 기술．상대의 「나무열매」「주얼」을 파괴한다．		파괴			특공	특방	2
붉은번개	물리	불꽃	전기		200	100	단일	±0	×	「불꽃」「전기」 타입 중 유리한 타입 상성으로 대미지를 계산한다．		복합타입		전용기술	공격	방어	2
블라스트번	특수	불꽃			150	90	단일	±0	×	명중 후，다음 T 종료 후까지 자신을 「행동불능」 상태로 한다．		행동불능			특공	특방	2
블레이즈킥	물리	불꽃			85	90	단일	±0	○	「킥」 기술．급소에 맞기 쉽다（C＋1）．「1할：화상」	킥				공격	방어	2
사악한불꽃	특수	불꽃	악		130	85	단일	±0	×	「불꽃」「악」 타입 중 유리한 타입 상성으로 대미지를 계산한다．		복합타입			특공	특방	2
성스러운불꽃	물리	불꽃			100	95	단일	±0	×	서로의 「얼음」 상태를 치유한다．「5할：화상」		치유			공격	방어	2
세개의파동	특수	불꽃	전기	얼음	100	100	단일	－3	×	「파동」 기술．「불꽃」「전기」「얼음」 타입 중 유리한 타입 상성으로 대미지를 계산한다．	파동	복합타입		전용기술	특공	특방	2
소이탄	특수	불꽃			150	90	단일	－3	×	「탄/볼」 기술．상대의 「방어」 기술을 관통한다．상대가 「방어」 기술을 내보내고 있지 않으면 실패한다．	탄/볼	방어관통			특공	특방	2
아머캐논	특수	불꽃			120	100	단일	±0	×	명중 후，자신의 「방어/특방－1」					특공	특방	2
업화의춤	특수	불꽃			100	90	전체	±0	×	「춤」 기술．「2할：특공＋1」	춤				특공	특방	2
업화회진	특수	불꽃			180	95	전체	±0	×	명중 후，자신의 「방어/특방/속도－1」					특공	특방	2
연옥	특수	불꽃			100	50	단일	±0	×	「10할：화상」					특공	특방	2
열풍	특수	불꽃			95	90	전체	±0	×	「바람」 기술．「1할：화상」	바람				특공	특방	2
염마수리검	물리	불꽃			150	90	단일	＋2	○	「칼/검」 기술．「필드에 나온 후 최초」가 아니면 실패한다．	칼/검	최초			공격	방어	2
오버히트	특수	불꽃			130	90	단일	±0	×	명중 후，자신의 「특공－2」					특공	특방	2
원념의칼	물리	불꽃			90	100	단일	±0	○	「칼/검」 기술．준 대미지의 1/2만큼 HP를 회복한다．	칼/검	드레인			공격	방어	2
원시의불꽃	특수	불꽃			200	－	전체	±0	×	「추격」 기술．상대가 「임의교대」 도중일 때，위력이 강화（2배）된다．		필중	추격	전용기술	특공	특방	2
인페르노팽	물리	불꽃			85	100	단일	±0	○	「물기/엄니」 기술．적진의 「벽」을 해제한 후 기술을 내보낸다．	물기/엄니	깨트리기			공격	방어	2
임사의불꽃	물리	불꽃			150	90	단일	±0	○	「화상」 상태일 때 내보내면 실패한다．명중 후，자신을 「화상」 상태로 한다．（「불꽃」 타입이어도 「화상」 상태가 된다．）				전용기술	공격	방어	2
자연발화	특수	불꽃			100	100	단일	±0	×	「미래예지」 기술．상대를 「자연발화」 상태로 한다．	미래예지	방어관통			특공	특방	2
작열	특수	불꽃			－	30	단일	±0	×	「일격필살」 기술．	일격필살				－	－	2
잔화의노래	특수	불꽃			100	100	전체	±0	×	「소리」 기술．	소리				특공	특방	2
주작의불꽃	물리	불꽃			140	100	단일	±0	○	준 대미지의 1/4만큼 반동 대미지를 받는다．급소에 맞기 쉽다（C＋1）．「2할：화상」		반동		전용기술	공격	방어	2
지옥의업화	물리	불꽃			85	90	전체	±0	×	상대가 「불꽃」 타입일 때，「효과가 굉장」해진다．「3할：화상」		상성변경		전용기술	공격	방어	2
질투의불꽃	특수	불꽃			70	100	전체	±0	×	상대에게 「능력변화：＋」가 발생했을 때，「10할：화상」					특공	특방	2
쬐어밝히기	특수	불꽃			40	－	단일	－7	×	「강제교대」 기술．		필중	강제교대		특공	특방	2
천상의업화	물리	불꽃			160	50	단일	±0	○	날씨가 「쾌청（큰가뭄）」일 때，「필중」 효과가 부여된다．「10할：화상」				전용기술	공격	방어	2
쾌청	변화	불꽃			－	－	필드	±0	×	5T 동안 날씨를 「쾌청」으로 한다．	날씨				－	－	2
크로스플레임	물리	불꽃			100	100	단일	±0	×	서로의 「얼음」 상태를 치유한다．「크로스썬더」 직후에 내보내면 위력이 강화（2배）된다．					공격	방어	2
태양의창	물리	불꽃			100	100	단일	±0	○	「창」 기술．상대의 〔방호 특성〕을 관통한다．	창	특성관통			공격	방어	2
태워없애기	물리	불꽃			100	85	단일	－3	○	상대의 「방어」 기술을 관통한다．		방어관통			공격	방어	2
트라이버스트	특수	불꽃	전기	얼음	300	100	단일	±0	×	「불꽃」「전기」「얼음」 타입 중 유리한 타입 상성으로 대미지를 계산한다．자신이 「가열」「충전」「냉각」 상태가 아니면 실패한다．		복합타입		전용기술	특공	특방	2
트랩셸	특수	불꽃			150	100	전체	－3	×	기술을 내보내기 전에 상대의 「물리」 기술을 받지 않으면 실패한다．					특공	특방	2
파이로키네시스	특수	불꽃	에스퍼		85	95	단일	±0	×	「불꽃」「에스퍼」 타입 중 유리한 타입 상성으로 대미지를 계산한다．		복합타입			특공	특방	2
폭격	물리	불꽃			150	100	단일	±0	×	상대가 「폭탄」「분진」 상태가 아니면 실패한다．상대의 「폭탄」 상태를 발동한다．					공격	방어	2
폭렬레이저	특수	불꽃			150	85	단일	＋2	×	「필드에 나온 후 최초」가 아니면 실패한다．「1할：화상」		최초			특공	특방	2
폭렬마법	특수	불꽃			150	90	단일	＋2	×	「마법」 기술．「필드에 나온 후 최초」가 아니면 실패한다．	마법	최초		전용기술	특공	특방	2
폭렬서브	물리	불꽃			150	90	단일	＋2	○	「탄/볼」 기술．「필드에 나온 후 최초」가 아니면 실패한다．	탄/볼	최초		전용기술	공격	방어	2
폭염	물리	불꽃			90	100	전체	±0	×	「3할：화상」					공격	방어	2
폭탄	변화	불꽃			－	－	단일	±0	×	상대를 「폭탄」 상태로 한다．					－	－	2
푸른불꽃	특수	불꽃			130	85	단일	±0	×	「2할：화상」					특공	특방	2
푸른섬광	특수	불꽃			150	100	단일	＋2	×	「필드에 나온 후 최초」가 아니면 실패한다．		최초			특공	특방	2
플레어드라이브	물리	불꽃			120	100	단일	±0	○	서로의 「얼음」 상태를 치유한다．준 대미지의 1/3만큼 반동 대미지를 받는다．		반동			공격	방어	2
플레어송	특수	불꽃			80	100	단일	±0	×	「소리」 기술．「10할：특공＋1」	소리				특공	특방	2
핵폭발	물리	불꽃	독		300	100	단일	±0	○	「불꽃」「독」 타입 중 유리한 타입 상성으로 대미지를 계산한다．적진의 「벽」을 해제한 후 기술을 내보낸다．		깨트리기 복합타입			공격	방어	2
혼신의불꽃	물리	불꽃			150	100	전체	±0	○	「화상」 상태일 때 내보내면 실패한다．명중 후，자신을 「화상」 상태로 한다．（「불꽃」 타입이어도 「화상」 상태가 된다．）					공격	방어	2
홍련완	물리	불꽃			100	100	단일	±0	○	「소지품 파괴」 기술．		파괴		전용기술	공격	방어	2
화염바퀴	물리	불꽃			60	100	단일	±0	○	서로의 「얼음」 상태를 치유한다．「1할：화상」					공격	방어	2
화염방사	특수	불꽃			90	100	단일	±0	×	「1할：화상」					특공	특방	2
화염볼	물리	불꽃			120	90	단일	±0	×	「탄/볼」 기술．「1할：화상」	탄/볼				공격	방어	2
화염탄	특수	불꽃			100	100	전체	±0	×	「탄/볼」 기술．「3할：화상」	탄/볼				특공	특방	2
회오리불꽃	특수	불꽃			35	85	단일	±0	×	4～5T 동안 상대를 「조이기」 상태로 한다．		조이기			특공	특방	2
흑색화약	특수	불꽃			200	－	전체	±0	×	「추격」 기술．상대가 「임의교대」 도중일 때，위력이 강화（2배）된다．		필중	추격	전용기술	특공	특방	2
흑양탄	특수	불꽃	격투		80	－	단일	±0	×	「탄/볼」 기술．상대의 「방어」 기술을 관통한다．「불꽃」「격투」 타입 중 유리한 타입 상성으로 대미지를 계산한다．	탄/볼	방어관통 복합타입 필중			특공	특방	2
히트블레이드	물리	불꽃			90	100	단일	±0	○	「칼/검」 기술．급소에 맞기 쉽다（C＋1）．	칼/검				공격	방어	2
히트스탬프	물리	불꽃			120	100	단일	±0	○	자신과 상대의 「방어」 능력치로 대미지를 계산한다．		변칙계산			방어	방어	2
히트업	물리	불꽃			120	100	단일	±0	○	명중 후，자신의 「방어/특방－1」					공격	방어	2
V제너레이트	물리	불꽃			180	95	전체	±0	×	명중 후，자신의 「방어/특방/속도－1」					공격	방어	2
가위로지키기	변화	물			－	－	자신	±0	×	「방어/명중＋1」					－	－	3
간헐천	특수	물			150	100	단일	－3	○	기술을 내보내기 전에 상대의 공격을 받으면 실패한다．					특공	특방	3
개구리뜀	물리	물			40	100	단일	＋1	○	「유턴」 기술．			유턴		공격	방어	3
개헤엄	물리	물			70	100	단일	±0	×	「4할：속도＋1」					공격	방어	3
거품	특수	물			40	100	단일	±0	×	「1할：속도－1」					특공	특방	3
거품광선	특수	물			65	100	단일	±0	×	「10할：속도－1」					특공	특방	3
거품춤	물리	물			80	100	전체	±0	×	「춤」 기술．	춤				공격	방어	3
근원의파동	특수	물			110	85	전체	±0	×	「파동」 기술．	파동				특공	특방	3
껍데기로방어	변화	물			－	－	자신	＋4	×	「방어」 기술．연속해서 내보내면 실패하기 쉽다．「접촉」 기술을 무효화했을 때，자신의 「방어＋1」	방어				－	－	3
껍질끼우기	물리	물			35	85	단일	±0	○	4～5T 동안 상대를 「조이기」 상태로 한다．		조이기			공격	방어	3
껍질에숨기	변화	물			－	－	자신	±0	×	「방어＋1」					－	－	3
난수류	특수	물			180	95	전체	±0	×	명중 후，자신의 「방어/특방/속도－1」					특공	특방	3
노려맞히기	특수	물			80	100	단일	±0	×	기술의 대상을 변경하는 효과를 무효화한다．급소에 맞기 쉽다（C＋1）．				더블배틀	특공	특방	3
다이빙	물리	물			80	100	단일	±0	○	「모으기」 기술．1T째에 「물속」으로 모습을 감추고，2T째에 공격한다．	모으기				공격	방어	3
대포무노포	특수	물			65	85	단일	±0	×	「탄/볼」 기술．「5할：명중－1」	탄/볼				특공	특방	3
대해룡	특수	물	드래곤		200	100	전체	±0	×	「물」「드래곤」 타입 중 유리한 타입 상성으로 대미지를 계산한다．		복합타입			특공	특방	3
뎁스바이트	물리	물			100	90	단일	±0	○	「물기/엄니」 기술．급소에 맞기 쉽다（C＋1）．	물기/엄니				공격	방어	3
따라가데우기	특수	물			40	100	단일	±0	×	「추격」 기술．상대가 「임의교대」 도중일 때，위력이 강화（2배）된다．			추격		특공	특방	3
떠내려보내기	특수	물			40	－	단일	－7	×	「강제교대」 기술．		필중	강제교대		특공	특방	3
마린다이브	물리	물			120	100	단일	±0	○	「모으기」 기술．상대의 「방어」 기술을 관통한다．1T째에 「물속」으로 모습을 감추고，2T째에 공격한다．날씨가 「비（강한 비）」일 때，모으기를 생략한다．	모으기	방어관통			공격	방어	3
마린슛	물리	물			100	95	단일	±0	○	「킥」 기술．빗나가거나 무효화됐을 때，HP의 1/2만큼 반동 대미지를 받는다．	킥	반동			공격	방어	3
물거품아리아	특수	물			90	100	전체	±0	×	「소리」 기술．명중 후，상대의 「화상」 상태를 치유한다．	소리				특공	특방	3
물놀이	변화	물			－	－	필드	±0	×	5T 동안 전체 필드를 「물놀이」 상태로 한다．	필드				－	－	3
물대포	특수	물			40	100	단일	±0	×	특수효과 없음．					특공	특방	3
물붓기	변화	물			－	100	단일	±0	×	상대의 타입을 「물」로 변경한다．		타입변경			－	－	3
물수리검	특수	물			15	100	단일	＋1	×	「칼/검」 기술．2～5회 「연속」 기술．	칼/검	연속			특공	특방	3
물에흘리기	특수	물			70	－	단일	－7	×	「강제교대」 기술．		필중	강제교대		특공	특방	3
물의맹세	특수	물			80	100	단일	±0	×	「맹세」 기술．다른 「맹세」 기술과 연속해서 내보낼 때，특수한 효과가 발생한다．	맹세				특공	특방	3
물의맹세（＋불꽃）	특수	물			150	100	단일	±0	×	4T 동안 자진을 「무지개」 상태로 한다．	맹세				특공	특방	3
물의칼	물리	물			100	100	단일	±0	○	「칼/검」 기술．급소에 맞기 쉽다（C＋1）．	칼/검				공격	방어	3
물의파동	특수	물			60	100	단일	±0	×	「파동」 기술．「2할：혼란」	파동				특공	특방	3
바다회오리	특수	물			35	85	단일	±0	×	4～5T 동안 상대를 「조이기」 상태로 한다．		조이기			특공	특방	3
버블가드	변화	물			－	－	자신	＋4	×	「방어」 기술．연속해서 내보내면 실패하기 쉽다．「접촉」 기술을 무효화했을 때，상대의 「속도－2」	방어				－	－	3
비바라기	변화	물			－	－	필드	±0	×	5T 동안 날씨를 「비」로 한다．	날씨				－	－	3
빅웨이브	특수	물			130	90	단일	±0	×	명중 후，자신의 「특공－2」					특공	특방	3
생명의물방울	변화	물			－	－	자진	±0	×	필드에 있는 아군 전원의 HP를 1/4만큼 회복한다．		회복			－	－	3
셸블레이드	물리	물			75	95	단일	±0	○	「칼/검」 기술．「5할：방어－1」	칼/검				공격	방어	3
소금물	특수	물			65	100	단일	±0	×	상대의 HP가 1/2 이하일 때， 위력이 강화（2배）된다．					특공	특방	3
수룡탄	특수	물	드래곤		130	85	단일	±0	×	「물」「드래곤」 타입 중 유리한 타입 상성으로 대미지를 계산한다．		복합타입			특공	특방	3
수류연타	물리	물			25	100	단일	±0	○	2회 「연속」 기술．반드시 급소에 맞는다．		확정급소			공격	방어	3
수압탄	특수	물			80	－	단일	±0	×	「탄/볼」 기술．	탄/볼	필중			특공	특방	3
스팀버스트	특수	물			110	95	단일	±0	×	서로의 「얼음」 상태를 치유한다．「3할：화상」		치유			특공	특방	3
스팀피스트	물리	물			110	95	단일	±0	×	「펀치」 기술．「3할：화상」	펀치				공격	방어	3
씻어흘리기	변화	물			－	－	자진	±0	×	자진의 「설치물」을 해제한다．		해제			－	－	3
아가미물기	물리	물			85	100	단일	±0	○	「물기/엄니」 기술．상대보다 먼저 내보낼 때，위력이 강화（2배）된다．	물기/엄니				공격	방어	3
아쿠아링	변화	물			－	－	자신	±0	×	자신을 「아쿠아링」 상태로 한다．		회복			－	－	3
아쿠아매그넘	물리	물			80	100	단일	＋2	×	연속해서 내보내면 실패하기 쉽다．（「방어」 기술과 별도 판정．）					공격	방어	3
아쿠아브레이크	물리	물			85	100	단일	±0	○	「2할：방어－1」					공격	방어	3
아쿠아스탬프	물리	물			120	100	단일	±0	○	자신과 상대의 「방어」 능력치로 대미지를 계산한다．		변칙계산			방어	방어	3
아쿠아스텝	물리	물			80	100	단일	±0	○	「춤」 기술．「10할：속도＋1」	춤				공격	방어	3
아쿠아스톰	특수	물			100	75	단일	±0	×	4～5T 동안 상대를 「조이기」 상태로 한다．		조이기			특공	특방	3
아쿠아제트	물리	물			40	100	단일	＋1	○	특수효과 없음．					공격	방어	3
아쿠아커터	물리	물			70	100	단일	±0	×	「칼/검」 기술．급소에 맞기 쉽다（C＋1）．	칼/검				공격	방어	3
아쿠아테일	물리	물			90	90	단일	±0	○	「꼬리」 기술．	꼬리				공격	방어	3
아쿠아프레스	물리	물			85	100	단일	±0	○	「3할：마비」					공격	방어	3
압축포	물리	물			100	100	단일	±0	×	상대의 〔방호 특성〕을 관통한다．		특성관통			공격	방어	3
양날집게	물리	물			150	100	단일	－3	○	기술을 내보내기 전에 상대의 공격을 받으면 실패한다．					공격	방어	3
어뢰	특수	물	전기		85	95	단일	±0	×	「물」「전기」 타입 중 유리한 타입 상성으로 대미지를 계산한다．		복합타입			특공	특방	3
역수류	특수	물			120	85	단일	－7	×	「강제교대」 기술．			강제교대		특공	특방	3
열탕	특수	물			80	100	단일	±0	×	서로의 「얼음」 상태를 치유한다．「3할：화상」		치유			특공	특방	3
오징어먹물	변화	물			－	90	전체	±0	×	「명중－1」					－	－	3
웨이브태클	물리	물			120	100	단일	±0	○	준 대미지의 1/3만큼 반동 대미지를 받는다．		반동			공격	방어	3
인어춤	특수	물			70	100	단일	±0	×	「춤」 기술．「5할：특공＋1」	춤				특공	특방	3
잠수	특수	물			70	100	단일	±0	○	「유턴」 기술．			유턴		특공	특방	3
저편물	물리	물			100	85	단일	±0	○	「유턴」 기술			유턴		공격	방어	3
제트펀치	물리	물			60	100	단일	＋1	○	특수효과 없음．					공격	방어	3
주포발사	특수	물			200	－	전체	±0	×	「추격」 기술．상대가 「임의교대」 도중일 때，위력이 강화（2배）된다．		필중	추격	전용기술	특공	특방	3
집게해머	물리	물			100	90	단일	±0	○	급소에 맞기 쉽다（C＋1）．					공격	방어	3
철포수	물리	물			130	100	단일	±0	×	연속해서 내보내면 실패하기 쉽다．（「방어」 기술과 별도 판정．）					공격	방어	3
치유의물방울	변화	물			－	－	자신	±0	×	HP를 1/2만큼 회복한다．		회복			－	－	3
침수	변화	물			－	－	단일	±0	×	상대를 「침수」 상태로 한다．					－	－	3
퀵턴	물리	물			60	100	단일	±0	×	「유턴」 기술．			유턴		공격	방어	3
큰파도	물리	물			90	100	전체	±0	×	특수효과 없음．					공격	방어	3
타타키던지기	물리	물			120	90	단일	±0	○	급소에 맞기 쉽다（C＋1）．					공격	방어	3
탁류	특수	물			90	85	전체	±0	×	「3할：명중－1」					특공	특방	3
트리플다이브	물리	물			30	95	단일	±0	○	3회 「연속」 기술．	연속				공격	방어	3
파도타기	특수	물			90	100	전체	±0	×	상대가 「물속」 상태일 때，위력이 강화（2배）된다．					특공	특방	3
폭포오르기	물리	물			80	100	단일	±0	○	「2할：풀죽음」					공격	방어	3
피보라	특수	물			150	80	단일	±0	×	준 대미지의 1/2만큼 반동 대미지를 받는다．		반동			특공	특방	3
피의창	특수	물			50	100	단일	±0	×	「창」 기술．반드시 급소에 맞는다．	창	확정급소			특공	특방	3
하드론포	특수	물	격투		130	85	단일	±0	×	「물」「격투」 타입 중 유리한 타입 상성으로 대미지를 계산한다．		복합타입			특공	특방	3
하이드로캐논	특수	물			150	90	단일	±0	×	명중 후，다음 T 종료 후까지 자신을 「행동불능」 상태로 한다．		행동불능			특공	특방	3
하이드로펌프	특수	물			110	80	단일	±0	×	특수효과 없음．					특공	특방	3
해수	특수	물			70	100	단일	±0	×	상대가 「전기」 타입일 때，「효과가 굉장」해진다．		상성변경			특공	특방	3
해수스파우팅（1P）	특수	물			150	100	전체	±0	×	자신의 현재 HP가 적을수록 위력이 약화된다．		체력비례			특공	특방	3
해수스파우팅（2P）	특수	물			0	100	전체	±0	×	자신의 현재 HP가 적을수록 위력이 약화된다．		체력비례			특공	특방	3
해저의달	특수	물			90	100	전체	±0	×	「4할：풀죽음」					특공	특방	3
해저지진	물리	물	땅		130	85	단일	±0	×	「물」「땅」 타입 중 유리한 타입 상성으로 대미지를 계산한다．		복합타입			공격	방어	3
홍수범람	특수	물			100	100	단일	±0	×	「미래예지」 기술．상대를 「홍수범람」 상태로 한다．	미래예지				특공	특방	3
흘려보내기	변화	물			－	－	자진	±0	×	자진의 「설치물」을 해제한다．		해제			－	－	3
가시창	물리	풀			90	90	단일	±0	○	「창」 기술．명중 후，2T 동안 상대를 「조이기」 상태로 한다．	창	조이기			공격	방어	4
가시채찍	물리	풀			100	75	단일	±0	○	4～5T 동안 상대를 「조이기」 상태로 한다．		조이기			공격	방어	4
가지찌르기	물리	풀			40	100	단일	±0	○	특수효과 없음．					공격	방어	4
개척하기	물리	풀			50	100	단일	±0	○	「10할：속도＋1」					공격	방어	4
검은숲	변화	풀			－	－	필드	±0	×	5T 동안 전체 필드를 「검은숲」 상태로 한다．	필드	초기화			－	－	4
겨우살이의창	물리	풀			80	90	단일	±0	○	「창」 기술．「5할：씨뿌리기」	창				공격	방어	4
고민씨	변화	풀			－	100	단일	±0	×	상대의 〔특성〕을 〔불면〕으로 변경한다．		특성변경			－	－	4
광합성	변화	풀			－	－	자신	±0	×	HP를 회복한다．날씨에 따라 회복량이 변화한다．（1/4，1/2，2/3）		회복			－	－	4
그래스믹서	특수	풀			65	90	단일	±0	×	「5할：명중－1」					특공	특방	4
그래스슬라이더	물리	풀			70	100	단일	±0	○	전체 필드가 「그래스필드」 상태일 때，이 기술의 우선도를 ＋1한다．					공격	방어	4
그래스필드	변화	풀			－	－	필드	±0	×	5T 동안 전체 필드를 「그래스필드」 상태로 한다．	필드				－	－	4
기가드레인	특수	풀			75	100	단일	±0	×	준 대미지의 1/2만큼 HP를 회복한다．		드레인			특공	특방	4
꽃보라	물리	풀			90	100	전체	±0	×	「바람」 기술．	바람				공격	방어	4
꽃잎댄스	물리	풀			150	100	단일	±0	○	「춤」 기술．2T 동안 자신을 「난동부리기」 상태로 한다．	춤	난동부리기			공격	방어	4
나무꾼의노래	특수	풀			80	－	단일	±0	×	「소리」 기술．	소리	필중			특공	특방	4
나뭇잎	물리	풀			40	100	단일	±0	×	특수효과 없음．					공격	방어	4
나뭇잎수리검	특수	풀			15	100	단일	＋1	×	「칼/검」 기술．2～5회 「연속」 기술．	칼/검	연속			특공	특방	4
녹색의호흡	특수	풀			90	100	단일	±0	×	빗나갔을 때，자신의 HP를 1/2만큼 회복한다．					특공	특방	4
느림보씨	변화	풀			－	90	단일	±0	×	상대의 〔특성〕을 〔시간벌기〕로 변경한다．		특성변경			－	－	4
니들가드	변화	풀			－	－	자신	＋4	×	「방어」 기술．연속해서 내보내면 실패하기 쉽다．「접촉」 기술을 무효화했을 때，상대에게 HP의 1/8만큼 고정 대미지를 준다．	방어				－	－	4
다시피기	특수	풀			70	100	단일	±0	×	「유턴」 기술．			유턴		특공	특방	4
덩쿨채찍	물리	풀			45	100	단일	±0	○	특수효과 없음．					공격	방어	4
독가루	변화	풀			－	75	단일	±0	×	「가루」 기술．상대를 「독」 상태로 한다．	가루				－	－	4
드럼어택	물리	풀			80	100	단일	±0	×	「10할：속도－1」					공격	방어	4
로즈스톰	특수	풀			100	75	단일	±0	×	4～5T 동안 상대를 「조이기」 상태로 한다．		조이기			특공	특방	4
리프러시	특수	풀			25	100	단일	±0	×	2～5회 「연속」 기술．		연속			특공	특방	4
리프블레이드	물리	풀			90	100	단일	±0	○	「칼/검」 기술．급소에 맞기 쉽다（C＋1）．	칼/검				공격	방어	4
리프스톰	특수	풀			130	90	단일	±0	×	명중 후，자신의 「특공－2」					특공	특방	4
매지컬리프	특수	풀			60	－	단일	±0	×	「마법」 기술．	마법	필중			특공	특방	4
메가드레인	특수	풀			40	100	단일	±0	×	준 대미지의 1/2만큼 HP를 회복한다．		드레인			특공	특방	4
목화포자	변화	풀			－	100	단일	±0	×	「가루」 기술．상대의 「속도－2」	가루				－	－	4
바늘팔	물리	풀			60	100	단일	±0	○	「3할：풀죽음」					공격	방어	4
버섯포자	변화	풀			－	100	단일	±0	×	「가루」 기술．상대를 「잠듦」 상태로 한다．	가루				－	－	4
부식의나뭇잎（1P）	특수	풀			65	100	단일	±0	○	「소지품 파괴」 기술．상대의 「소지품」을 파괴할 때，위력이 강화（1.5배）된다．		파괴			특공	특방	4
부식의나뭇잎（2P）	특수	풀			65	100	단일	±0	○	「소지품 파괴」 기술．상대의 「소지품」을 파괴할 때，위력이 강화（1.5배）된다．		파괴			특공	특방	4
뿌리박기	변화	풀			－	－	자신	±0	×	자신을 「뿌리박기」 상태로 한다．					－	－	4
사과산	특수	풀			80	100	단일	±0	×	「10할：특방－1」					특공	특방	4
사이코플랜트	특수	풀	에스퍼		130	85	단일	±0	×	「풀」「에스퍼」 타입 중 유리한 타입 상성으로 대미지를 계산한다．		복합타입			특공	특방	4
소독	특수	풀			70	100	전체	±0	×	상대가 「독」 타입이거나 「독」 상태일 때，「효과가 굉장」해진다．상대가 「독」 상태일 때，상대의 「독」 상태를 치유한다．		상성변경 치유			특공	특방	4
솔라랜스	물리	풀			150	90	단일	＋2	○	「창」 기술．날씨가 「쾌청（큰가뭄）」일 때， 위력이 강화（1.5배）된다．날씨가 「비（강한 비）」일 때，위력이 약화（0.5배）된다．「필드에 나온 후 최초」가 아니면 실패한다．	창	최초			공격	방어	4
솔라블레이드	물리	풀			125	100	단일	±0	○	「칼/검」 기술．「모으기」 기술．날씨가 「쾌청（큰가뭄）」일 때，「모으기」를 생략하고 위력이 강화（1.5배）된다．날씨가 「비（강한 비）」일 때， 위력이 약화（0.5배）된다．	칼/검	모으기			공격	방어	4
솔라빔	특수	풀			120	100	단일	±0	×	「모으기」 기술．날씨가 「쾌청（큰가뭄）」일 때，「모으기」를 생략하고 위력이 강화（1.5배）된다．날씨가 「비（강한 비）」일 때， 위력이 약화（0.5배）된다．	모으기				특공	특방	4
수계강탄	물리	풀			180	95	전체	±0	×	명중 후，자신의 「방어/특방/속도－1」					공격	방어	4
수레국화	물리	풀			80	100	단일	＋2	○	연속해서 내보내면 실패하기 쉽다．					공격	방어	4
수면가루	변화	풀			－	75	단일	±0	×	「가루」 기술．상대를 「잠듦」 상태로 한다．	가루				－	－	4
숲의저주	변화	풀			－	100	단일	±0	×	상대의 타입에 「풀」을 추가한다．		타입변경			－	－	4
시드플레어	특수	풀			120	85	단일	±0	×	「4할：특방－2」					특공	특방	4
씨기관총	물리	풀			25	100	단일	±0	×	「탄/볼」 기술．2～5회 「연속」 기술．	탄/볼	연속			공격	방어	4
씨뿌리기	변화	풀			－	90	단일	±0	×	상대를 「씨뿌리기」 상태로 한다．		드레인			－	－	4
씨폭탄	물리	풀			80	100	단일	±0	×	「탄/볼」 기술．	탄/볼				공격	방어	4
아로마테라피	변화	풀			－	－	아군	±0	×	아군 전원의 「상태이상」을 치유한다．		치유			－	－	4
에너지볼	특수	풀			90	100	단일	±0	×	「탄/볼」 기술．「1할：특방－1」	탄/볼				특공	특방	4
우드해머	물리	풀			120	100	단일	±0	○	준 대미지의 1/3만큼 반동 대미지를 받는다．		반동			공격	방어	4
우드혼	물리	풀			75	100	단일	±0	○	「뿔」 기술．준 대미지의 1/2만큼 HP를 회복한다．	뿔	드레인			공격	방어	4
일륜초	특수	풀			120	100	단일	±0	×	「모으기」 기술．상대의 「방어」 기술을 관통한다．1T째에 모습을 감추고，2T째에 공격한다．날씨가 「쾌청（큰가뭄）」일 때，모으기를 생략한다．	모으기	방어관통			특공	특방	4
잎날가르기	물리	풀			55	95	단일	±0	×	급소에 맞기 쉽다（C＋1）．					공격	방어	4
잡초베기	변화	풀			－	－	자진	±0	×	자진의 「설치물」을 해제한다．		해제			－	－	4
장미원	변화	풀			－	－	적진	±0	×	「설치」 기술．적진에 「장미원」을 설치한다．	설치	드레인			－	－	4
저리가루	변화	풀			－	75	단일	±0	×	「가루」 기술．상대를 「마비」 상태로 한다．	가루				－	－	4
정글힐	변화	풀			－	－	아군	±0	×	아군 전원의 HP를 1/4만큼 회복하고 「상태이상」을 치유한다．		치유 회복		더블배틀	－	－	4
죽창	물리	풀			50	100	단일	±0	○	「창」 기술．반드시 급소에 맞는다．	창	확정급소			공격	방어	4
집게덫	물리	풀			35	100	단일	±0	○	4～5T 동안 상대를 「조이기」 상태로 한다．		확정급소			공격	방어	4
치유씨앗	변화	풀			－	－	자신	±0	×	자신을 「빈사」 상태로 하고，「죽어내밀기」로 나오는 아군의 HP와 「상태이상」을 전부 회복한다．	자폭	회복			－	－	4
코튼가드	변화	풀			－	－	자신	±0	×	「방어＋3」					－	－	4
클로로블라스트	특수	풀			150	95	전체	±0	×	HP의 1/2만큼 반동 대미지를 받는다．		반동			특공	특방	4
트로피컬킥	물리	풀			70	100	단일	±0	○	「킥」 기술．「10할：공격－1」	킥				공격	방어	4
트릭플라워	물리	풀			70	－	단일	±0	×	반드시 급소에 맞는다．		필중 확정급소			공격	방어	4
파로때리기	물리	풀			130	85	단일	±0	○	「3할：공격＋1」					공격	방어	4
파워휩	물리	풀			120	85	단일	±0	○	특수효과 없음．					공격	방어	4
풀묶기	특수	풀			120	100	단일	±0	○	자신과 상대의 「방어」 능력치를 반전해 대미지를 계산한다．	변칙계산				방어	방어	4
풀의맹세	특수	풀			80	100	단일	±0	×	「맹세」 기술．다른 「맹세」 기술과 연속해서 내보낼 때，특수한 효과가 발생한다．	맹세				특공	특방	4
풀의맹세（＋물）	특수	풀			150	100	단일	±0	×	4T 동안 적진을 「습원」 상태로 한다．	맹세				특공	특방	4
풀피리	변화	풀			－	55	단일	±0	×	「소리」 기술．상대를 「잠듦」 상태로 한다．	소리				－	－	4
하드플랜트	특수	풀			150	90	단일	±0	×	명중 후，다음 T 종료 후까지 자신을 「행동불능」 상태로 한다．		행동불능			특공	특방	4
하바네로엑기스	변화	풀			－	－	단일	±0	×	「공격＋2」「방어－2」					－	－	4
호두까기	물리	풀			75	100	단일	±0	○	적진의 「벽」을 해제한 후 기술을 내보낸다．		깨트리기			공격	방어	4
화상가루	변화	풀			－	75	단일	±0	×	상대를 「화상」 상태로 한다．					－	－	4
흐드러지게피다	특수	풀			150	80	단일	±0	×	준 대미지의 1/2만큼 반동 대미지를 받는다．		반동			특공	특방	4
흡수	특수	풀			20	100	단일	±0	×	준 대미지의 1/2만큼 HP를 회복한다．		드레인			특공	특방	4
힘흡수	변화	풀			－	100	단일	±0	×	상대의 「능력변화」를 약탈하고，자신의 HP를 1/2만큼 회복한다．상대에게 「능력변화」가 없으면 실패한다．		회복			－	－	4
G의힘	물리	풀			80	100	단일	±0	×	「힘」 기술．전체 필드가 「중력」 상태일 때， 위력이 강화（1.5배）된다．「10할：방어－1」	힘				공격	방어	4
10만볼트	특수	전기			90	100	단일	±0	×	「1할：마비」					특공	특방	5
강화전압	물리	전기			90	85	단일	±0	○	자신의 HP가 「가득」일 때，위력이 강화（2배）된다．					공격	방어	5
거친벼락	물리	전기			200	90	단일	±0	○	준 대미지의 1/2만큼 반동 대미지를 받는다．		반동			공격	방어	5
검은벼락	물리	전기			100	100	단일	±0	×	「소지품 파괴」 기술．		파괴			공격	방어	5
괴전파	변화	전기			－	100	단일	±0	×	상대의 「특공－2」					－	－	5
기뢰	변화	전기			－	－	적진	±0	×	「대지설치」 기술．적진에 「기뢰」를 설치한다．	대지설치				－	－	5
뇌격	물리	전기			130	85	단일	±0	○	「2할：마비」					공격	방어	5
뇌광충	물리	전기	벌레		90	100	단일	±0	×	「전기」「벌레」 타입 중 유리한 타입 상성으로 대미지를 계산한다．급소에 맞기 쉽다（C＋1）．		복합타입			공격	방어	5
뇌광탄	특수	전기			80	－	단일	±0	×	「탄/볼」 기술．	탄/볼	필중			특공	특방	5
뇌명	특수	전기			100	100	전체	±0	×	「소리」 기술．	소리				특공	특방	5
뇌신의망치	물리	전기			180	95	단일	±0	○	명중 후，자신의 「방어/특방/속도－1」					공격	방어	5
뇌운	특수	전기			100	90	전체	±0	×	「1할：마비」					특공	특방	5
뇌절	물리	전기			90	100	단일	±0	○	상대가 「전기」 타입일 때，「효과가 굉장」해진다．					공격	방어	5
다크플라즈마	특수	전기	악		130	85	단일	±0	×	「전기」「악」 타입 중 유리한 타입 상성으로 대미지를 계산한다．		복합타입			특공	특방	5
라이징볼트	특수	전기			70	100	단일	±0	×	상대가 「일렉트릭필드」의 효과를 받고 있을 때，위력이 강화（2배）된다．					특공	특방	5
라이트닝드라이브	특수	전기			100	100	단일	±0	○	「효과가 굉장」할 때，기술의 위력을 강화（1.3배）한다．					특공	특방	5
레일건	특수	전기			100	85	단일	＋2	×	「필드에 나온 후 최초」가 아니면 실패한다．		최초			특공	특방	5
마비덫	특수	전기			100	100	단일	－3	×	기술을 내보내기 전에 「접촉」 기술을 받으면 상대를 「마비」 상태로 한다．					특공	특방	5
메탈번	특수	전기	강철		130	85	단일	±0	×	「전기」「강철」 타입 중 유리한 타입 상성으로 대미지를 계산한다．		복합타입			특공	특방	5
멜트다우너	특수	전기			130	90	단일	±0	×	명중 후，자신의 「특공－2」					특공	특방	5
방전	특수	전기			80	100	전체	±0	×	「3할：마비」					특공	특방	5
번개	특수	전기			110	70	단일	±0	×	날씨가 「비（강한 비）」일 때，「필중」 효과가 부여된다．상대가 「하늘 위」 상태일 때，위력이 강화（2배）된다．「3할：마비」					특공	특방	5
번개구름	특수	전기			100	100	단일	±0	×	「미래예지」 기술．상대를 「번개구름」 상태로 한다．	미래예지	방어관통			특공	특방	5
번개엄니	물리	전기			65	95	단일	±0	○	「물기/엄니」 기술．「1할：마비」「1할：풀죽음」	물기/엄니				공격	방어	5
번개펀치	물리	전기			75	100	단일	±0	○	「펀치」 기술．「1할：마비」	펀치				공격	방어	5
번개폭풍	특수	전기			100	80	전체	±0	×	「바람」 기술．「3할：마비」	바람				특공	특방	5
벼락말뚝	특수	전기			150	90	단일	＋2	×	「필드에 나온 후 최초」가 아니면 실패한다．		최초			특공	특방	5
볼부비부비	물리	전기			20	100	단일	±0	○	「10할：마비」					공격	방어	5
볼트체인지	특수	전기			70	100	단일	±0	×	「유턴」 기술．			유턴		특공	특방	5
볼트태클	물리	전기			120	100	단일	±0	○	준 대미지의 1/3만큼 반동 대미지를 받는다．「1할：마비」		반동			공격	방어	5
사이코플라즈마	특수	전기	에스퍼		130	85	단일	±0	×	「전기」「에스퍼」 타입 중 유리한 타입 상성으로 대미지를 계산한다．		복합타입			특공	특방	5
사이퍼	물리	전기			100	80	단일	±0	×	상대의 「방어/특방/회피」의 상승（강화）을 관통한다．		상승무시			공격	방어	5
선더랜스	물리	전기			130	100	단일	±0	×	「창」 기술．연속해서 내보내면 실패하기 쉽다．（「방어」 기술과 별도 판정．）	창				공격	방어	5
성스러운벼락	물리	전기			100	95	단일	±0	×	「5할：마비」					공격	방어	5
송전	변화	전기			－	－	단일	±0	×	상대를 「송전」 상태로 한다．					－	－	5
쇳소리	특수	전기			70	100	단일	±0	×	상대가 「강철」 타입일 때，「효과가 굉장」해진다．		상성변경			특공	특방	5
스턴가드	변화	전기			－	－	자신	＋4	×	「방어」 기술．연속해서 내보내면 실패하기 쉽다．「접촉」 기술을 무효화했을 때，상대를 「마비」 상태로 한다．	방어				－	－	5
스파크	물리	전기			65	100	단일	±0	○	「3할：마비」					공격	방어	5
신뢰	물리	전기			40	100	단일	＋1	○	특수효과 없음．					공격	방어	5
신의번개	특수	전기			160	50	단일	±0	×	날씨가 「비（강한 비）」일 때，「필중」 효과가 부여된다．「10할：마비」					특공	특방	5
썬더프리즌	특수	전기			80	90	단일	±0	×	4～5T 동안 상대를 「조이기」 상태로 한다．		조이기			특공	특방	5
오라휠	물리	전기	악		110	100	단일	±0	×	「전기」「악」 타입 중 자신의 「타입1」과 같은 타입이 된다．「10할：속도＋1」		타입변화			공격	방어	5
오버드라이브	특수	전기			80	100	전체	±0	×	「소리」 기술．	소리				특공	특방	5
와일드볼트	물리	전기			90	100	단일	±0	○	준 대미지의 1/4만큼 반동 대미지를 받는다．		반동			공격	방어	5
울려퍼지는천둥	물리	전기			80	－	단일	－7	×	「소리」 기술．「강제교대」 기술．「2할：마비」	소리	필중	강제교대		공격	방어	5
원시의벼락	특수	전기	바위		200	－	전체	±0	○	「추격」 기술．상대가 「임의교대」 도중일 때，위력이 강화（2배）된다．「전기」「바위」 타입 중 유리한 타입 상성으로 대미지를 계산한다．		복합타입 필중	추격	전용기술	특공	특방	5
원자의빛	특수	전기	강철		200	－	전체	±0	○	「추격」 기술．상대가 「임의교대」 도중일 때，위력이 강화（2배）된다．「전기」「강철」 타입 중 유리한 타입 상성으로 대미지를 계산한다．		복합타입 필중	추격	전용기술	특공	특방	5
이나즈마킥	물리	전기			85	90	단일	±0	○	「킥」 기술．급소에 맞기 쉽다（C＋1）．「1할：마비」	킥				공격	방어	5
일렉기타	특수	전기			70	100	전체	±0	×	「소리」 기술．「3할：혼란」	소리				특공	특방	5
일렉번	특수	전기			150	90	단일	±0	×	명중 후，다음 T 종료 후까지 자신을 「행동불능」 상태로 한다．		행동불능			특공	특방	5
일렉트릭네트	특수	전기			55	95	전체	±0	×	「10할：속도－1」					특공	특방	5
일렉트릭볼	특수	전기			120	100	단일	±0	×	「탄/볼」 기술．자신과 상대의 「속도」 능력치로 대미지를 계산한다．	탄/볼	변칙계산			속도	속도	5
일렉트릭필드	변화	전기			－	－	필드	±0	×	5T 동안 전체 필드를 「일렉트릭필드」 상태로 한다．	필드				－	－	5
자기장조작	변화	전기			－	－	아군	±0	×	특성이 〔플러스〕〔마이너스〕인 아군의 「방어/특방＋1」					－	－	5
전격부리	물리	전기			85	100	단일	±0	○	상대보다 먼저 내보낼 때，위력이 강화（2배）된다．					공격	방어	5
전격파	특수	전기			60	－	단일	±0	×	특수효과 없음．		필중			특공	특방	5
전광쌍격	물리	전기			120	100	단일	±0	○	명중 후，자신의 「전기」 타입을 「없음」으로 한다．		타입변경			공격	방어	5
전기꼬리	물리	전기			90	90	단일	±0	○	「2할：마비」					공격	방어	5
전기쇼크	특수	전기			40	100	단일	±0	×	「1할：마비」					특공	특방	5
전기자석파	변화	전기			－	90	단일	±0	×	상대를 「마비」 상태로 한다．					－	－	5
전자부유	변화	전기			－	－	자신	±0	×	자신을 5T 동안 「전자부유」 상태로 한다．					－	－	5
전자펄스	특수	전기			90	90	단일	±0	×	「10할：금제」					특공	특방	5
전자포	특수	전기			120	50	단일	±0	×	「탄/볼」 기술．「10할：마비」	탄/볼				특공	특방	5
전파잭	변화	전기			－	50	단일	±0	×	상대를 「마비」「혼란」 상태로 한다．「전기」 타입이 내보낼 때，「명중：90」이 된다．					－	－	
전파탑	변화	전기			－	－	적진	±0	×	「설치」 기술．적진에 「전파탑」을 설치한다．	설치				－	－	5
찌리리따끔따끔	물리	전기			80	100	단일	±0	○	「3할：풀죽음」					공격	방어	5
차지빔	특수	전기			50	90	단일	±0	×	「7할：특공＋1」					특공	특방	5
천둥도끼	물리	전기			90	100	단일	＋2	○	「필드에 나온 후 최초」가 아니면 실패한다．		최초			공격	방어	5
천둥북	물리	전기			140	100	전체	±0	×	「소리」 기술．	소리				공격	방어	5
초전자포	특수	전기			150	90	단일	－5	×	「10할：마비」					특공	특방	5
충전	변화	전기			－	－	자신	±0	×	자신을 「충전」 상태로 하고，「특방＋1」					－	－	5
크레이지튠	특수	전기			120	100	단일	±0	×	「소리」 기술．명중 후，자신의 「방어/특방－1」	소리				특공	특방	5
크로스썬더	물리	전기			100	100	단일	±0	×	「크로스플레임」 직후에 내보내면 위력이 강화（2배）된다．					공격	방어	5
파라볼라차지	특수	전기			65	100	전체	±0	×	준 대미지의 1/2만큼 HP를 회복한다．		드레인			특공	특방	5
풍뢰권	물리	전기			150	100	단일	＋2	○	「필드에 나온 후 최초」가 아니면 실패한다．		최초			공격	방어	5
플라스마샤워	변화	전기			－	－	필드	＋1	×	T 종료 시까지，필드의 전원의 「노말」 타입 기술을 「전기」 타입으로 변경한다．		타입변화			－	－	5
플라스마피스트	물리	전기			100	100	단일	±0	○	「펀치」 기술．T 종료 시까지，상대의 「노말」 타입 기술을 「전기」 타입으로 변경한다．	펀치	타입변화			공격	방어	5
하전입자포	특수	전기			150	90	단일	－3	×	상대의 「방어」 기술을 관통한다．상대가 「방어」 기술을 내보내고 있지 않으면 실패한다．		방어관통			특공	특방	5
겨울폭풍	물리	얼음			120	100	단일	±0	×	「바람」 기술．명중 후，자신의 「방어/특방－1」	바람				공격	방어	6
고드름꿰뚫기	특수	얼음			100	－	단일	－3	×	특수효과 없음．		필중			특공	특방	6
고드름떨구기	물리	얼음			85	90	단일	±0	×	「3할：풀죽음」					공격	방어	6
고드름발칸	특수	얼음			15	100	단일	＋1	×	2～5회 「연속」 기술．		연속			특공	특방	6
고드름침	물리	얼음			25	100	단일	±0	×	2～5회 「연속」 기술．		연속			공격	방어	6
냉각	변화	얼음			－	－	자신	±0	×	자신을 「냉각」 상태로 하고，「특방＋1」					－	－	6
냉동빔	특수	얼음			90	100	단일	±0	×	「1할：얼음」					특공	특방	6
냉동펀치	물리	얼음			75	100	단일	±0	○	「펀치」 기술．「1할：얼음」	펀치				공격	방어	6
노던크로스	특수	얼음			150	90	단일	±0	×	명중 후，다음 T 종료 후까지 자신을 「행동불능」 상태로 한다．		행동불능			특공	특방	6
눈보라	특수	얼음			110	70	전체	±0	×	「바람」 기술．날씨가 「싸라기눈」일 때，「필중」 효과가 부여된다．「1할：얼음」	바람				특공	특방	6
눈사태	물리	얼음			60	100	단일	－4	○	기술을 내보내기 전에 상대의 공격을 받으면 위력이 강화（2배）된다．					공격	방어	6
눈싸라기	특수	얼음			40	100	전체	±0	×	「1할：얼음」					특공	특방	6
동면	변화	얼음			－	－	단일	±0	×	상대를 「동면」 상태로 한다．					－	－	6
따라가얼리기	물리	얼음			40	100	단일	±0	○	「추격」 기술．상대가 「임의교대」 도중일 때，위력이 강화（2배）된다．			추격		공격	방어	6
블리자드랜스	물리	얼음			120	100	전체	±0	×	「창」 기술．	창				공격	방어	6
블리자드액셀	물리	얼음			80	100	단일	＋2	○	연속해서 내보내면 실패하기 쉽다．（「방어」 기술과 별도 판정．）					공격	방어	6
빙결레이저	특수	얼음			150	90	단일	＋2	×	「필드에 나온 후 최초」가 아니면 실패한다．「1할：얼음」		최초			특공	특방	6
빙결버스트	물리	얼음			150	90	단일	－3	○	상대의 「방어」 기술을 관통한다．		방어관통			공격	방어	6
빙산바람	물리	얼음			100	85	단일	±0	×	「바람」 기술．「3할：풀죽음」	바람				공격	방어	6
설경	변화	얼음			－	－	필드	±0	×	5T 동안 날씨를 「설경」으로 한다．	날씨				－	－	6
성스러운눈보라	물리	얼음			100	95	단일	±0	×	「3할：얼음」					공격	방어	6
순간냉각	특수	얼음			90	－	단일	＋2	×	「필드에 나온 후 최초」가 아니면 실패한다．		최초 필중			특공	특방	6
스노우스톰	특수	얼음			100	75	단일	±0	×	4～5T 동안 상대를 「조이기」 상태로 한다．		조이기			특공	특방	6
싸라기눈	변화	얼음			－	－	필드	±0	×	5T 동안 날씨를 「싸라기눈」으로 한다．					－	－	6
아이스번	변화	얼음			－	－	적진	±0	×	「설치」 기술．적진에 「아이스번」을 설치한다．	설치				－	－	6
아이스볼	물리	얼음			30	90	단일	±0	○	「탄/볼」 기술．「봉인」 상태가 되거나 빗나갈 때까지 5T 동안 내보낸다．명중할 때마다 위력이 강화（2배）된다．「웅크리기」 상태일 때， 위력이 강화（2배）된다．	탄/볼				공격	방어	6
아이스블레이드	물리	얼음			90	100	단일	±0	○	「칼/검」 기술．급소에 맞기 쉽다（C＋1）．	칼/검				공격	방어	6
아이스스피너	물리	얼음			80	100	단일	±0	○	명중 후，전체 필드의 특수한 상태를 해제한다．		해제			공격	방어	6
아이스캘리버	물리	얼음			140	90	단일	±0	○	「모으기」 기술．급소에 맞기 쉽다（C＋1）．「3할：풀죽음」	모으기				공격	방어	6
아이스팽	물리	얼음			85	100	단일	±0	○	「물기/엄니」 기술．적진의 「벽」을 해제한 후 기술을 내보낸다．	물기/엄니	깨트리기			공격	방어	6
아이스해머	물리	얼음			100	90	단일	±0	○	「펀치」 기술．명중 후，자신의 「속도－1」	펀치				공격	방어	6
얼려서부수기	특수	얼음			100	－	단일	－3	×	상대의 「방어」 기술을 관통한다．		방어관통			특공	특방	6
얼어붙은바람	특수	얼음			55	95	전체	±0	×	「바람」 기술．「10할：속도－1」	바람				특공	특방	6
얼어붙은세계	특수	얼음			65	95	전체	±0	×	「10할：속도－1」					특공	특방	6
얼음뭉치	물리	얼음			40	100	단일	＋1	×	특수효과 없음．					공격	방어	6
얼음숨결	특수	얼음			50	90	단일	±0	×	반드시 급소에 맞는다．		확정급소			특공	특방	6
얼음엄니	물리	얼음			65	95	단일	±0	○	「물기/엄니」 기술．「1할：얼음」「1할：풀죽음」	물기/엄니				공격	방어	6
얼음의벽	변화	얼음			－	－	자진	±0	×	「벽」 기술．4T 동안 자진에 「얼음의벽」을 전개한다．	벽				－	－	6
얼음의칼	물리	얼음			100	100	단일	±0	○	「칼/검」 기술．급소에 맞기 쉽다（C＋1）．「1할：얼음」	칼/검				공격	방어	6
얼음채우기	변화	얼음			－	100	단일	±0	×	상대의 타입을 「얼음」으로 변경한다．		타입변경			－	－	6
오로라베일	변화	얼음			－	－	자진	±0	×	「벽」 기술．5T 동안 자진에 「오로라베일」을 전개한다．날씨가 「싸라기눈」이 아니면 실패한다．	벽				－	－	6
오로라빔	특수	얼음			65	100	단일	±0	×	「1할：공격－1」					특공	특방	6
오버프리즈	특수	얼음			130	90	단일	±0	×	명중 후，자신의 「특공－2」					특공	특방	6
용빙탄	특수	얼음	드래곤		130	85	단일	±0	×	「얼음」「드래곤」 타입 중 유리한 타입 상성으로 대미지를 계산한다．		복합타입			특공	특방	6
절대영도	특수	얼음			－	30	단일	±0	×	「일격필살」 기술．	일격필살				－	－	6
찬물끼얹기	특수	얼음			50	100	단일	±0	×	「10할：공격－1」					특공	특방	6
콜드플레어	특수	얼음			140	90	단일	±0	×	「모으기」 기술．「3할：화상」	모으기				특공	특방	6
큰눈사태	물리	얼음			200	90	단일	±0	○	준 대미지의 1/2만큼 반동 대미지를 받는다．		반동			공격	방어	6
트리플악셀（1회）	물리	얼음			20	90	단일	±0	○	3회 「연속」 기술．1번 명중할 때마다 위력이 강화（＋20，최대 60）된다．		연속			공격	방어	6
트리플악셀（2회）	물리	얼음			40	90	단일	±0	○	3회 「연속」 기술．1번 명중할 때마다 위력이 강화（＋20，최대 60）된다．		연속			공격	방어	6
트리플악셀（3회）	물리	얼음			60	90	단일	±0	○	3회 「연속」 기술．1번 명중할 때마다 위력이 강화（＋20，최대 60）된다．		연속			공격	방어	6
프리즈드라이	특수	얼음			70	100	단일	±0	×	상대가 「물」 타입일 때，「효과가 굉장」해진다．「1할：얼음」		상성변경			특공	특방	6
프리즈볼트	물리	얼음			140	90	단일	±0	×	「모으기」 기술．「3할：마비」	모으기				공격	방어	6
한파예보	특수	얼음			100	100	단일	±0	×	「미래예지」 기술．상대를 「한파예보」 상태로 한다．	미래예지				특공	특방	6
흑안개	변화	얼음			－	－	필드	±0	×	필드의 전원의 「능력변화」를 「초기화」한다．		초기화			－	－	6
흰안개	변화	얼음			－	－	자진	±0	×	5T 동안 자진을 「흰안개」 상태로 한다．					－	－	6
3연화살	물리	격투			90	100	단일	±0	×	「화살」 기술．급소에 맞기 쉽다（C＋1）．「5할：방어－1」	화살				공격	방어	7
걷어차기	물리	격투			40	－	단일	－7	×	「킥」 기술．「강제교대」 기술．	킥	필중	강제교대		공격	방어	7
고요우펀치	물리	격투	땅		150	100	단일	＋1	○	「펀치」 기술．「격투」「땅」 타입 중 유리한 타입 상성으로 대미지를 계산한다．	펀치	복합타입			공격	방어	7
고전펀치	물리	격투			75	100	단일	±0	○	「펀치」 기술．「3할：혼란」	펀치				공격	방어	7
귀신의주먹	물리	격투			150	100	단일	±0	○	「펀치」 기술．연속해서 내보내면 실패하기 쉽다．（「방어」 기술과 별도 판정．）	펀치				공격	방어	7
그로우펀치	물리	격투			40	100	단일	±0	○	「펀치」 기술．「10할：공격＋1」	펀치				공격	방어	7
기사회생（1P）	물리	격투			20	100	단일	±0	○	자신의 현재 HP가 적을수록 위력이 강화된다．		체력비례			공격	방어	7
기사회생（2P）	물리	격투			200	100	단일	±0	○	자신의 현재 HP가 적을수록 위력이 강화된다．		체력비례			공격	방어	7
기원참	특수	격투			50	90	단일	±0	×	반드시 급소에 맞는다．		확정급소			특공	특방	7
기합구슬	특수	격투			120	70	단일	±0	×	「탄/볼」 기술．「1할：특방－1」	탄/볼				특공	특방	7
깨트리기	물리	격투			75	100	단일	±0	○	적진의 「벽」을 해제한 후 기술을 내보낸다．		깨트리기			공격	방어	7
너클볼	물리	격투			80	－	단일	±0	×	「탄/볼」 기술．	탄/볼	필중			공격	방어	7
대나무쪼개기	물리	격투			130	100	단일	±0	○	연속해서 내보내면 실패하기 쉽다．（「방어」 기술과 별도 판정．）					공격	방어	7
덮어차기	물리	격투			70	100	단일	±0	○	「킥」 기술．「유턴」 기술．	킥		유턴		공격	방어	7
돌격	변화	격투			－	－	자진	±0	×	4T 동안，자진에 있는 포켓몬의 「공격」이 2배가 된다．					－	－	7
돌려차기	물리	격투			60	80	단일	±0	○	「킥」 기술．「3할：풀죽음」	킥				공격	방어	7
두들겨패기	물리	격투			20	90	단일	±0	○	2～5회 「연속」 기술．		연속			공격	방어	7
두번차기	물리	격투			30	100	단일	±0	○	「킥」 기술．2회 「연속」 기술．	킥	연속			공격	방어	7
드레인펀치	물리	격투			75	100	단일	±0	○	「펀치」 기술．준 대미지의 1/2만큼 HP를 회복한다．	펀치	드레인			공격	방어	7
로킥	물리	격투			65	100	단일	±0	○	「킥」 기술．「10할：속도－1」	킥				공격	방어	7
리벤지	물리	격투			60	100	단일	－4	○	기술을 내보내기 전에 상대의 공격을 받으면 위력이 강화（2배）된다．					공격	방어	7
마룻바닥세워막기	변화	격투			－	－	자신	±0	×	「방어」 기술．자신을 포함한 아군에 대한 「공격」 기술을 「방어」한다．「필드에 나온 후 최초」가 아니면 실패한다．	방어				－	－	7
마하펀치	물리	격투			40	100	단일	＋1	○	「펀치」 기술．	펀치				공격	방어	7
말타기	물리	격투			100	85	단일	±0	○	「유턴」 기술．			유턴		공격	방어	7
머슬봄버	물리	격투			120	100	단일	±0	○	자신과 상대의 「방어」 능력치로 대미지를 계산한다．		변칙계산			공격	방어	7
멀리치기	물리	격투			40	100	단일	±0	×	「추격」 기술．상대가 「임의교대」 도중일 때，위력이 강화（2배）된다．			추격		공격	방어	7
목숨걸기	특수	격투			－	100	단일	±0	×	자신을 「빈사」 상태로 하고，상대에게 자신의 남은 HP만큼 고정 대미지를 준다．	자폭	고정피해			－	－	7
무릎차기	물리	격투			130	90	단일	±0	○	「킥」 기술．빗나가거나 무효화됐을 때，HP의 1/2만큼 반동 대미지를 받는다．	킥	반동			공격	방어	7
무의춤	변화	격투			－	－	자신	±0	×	「춤」 기술．「공격/방어/특공＋1」	춤				－	－	7
문어굳히기	변화	격투			－	－	단일	±0	×	상대를 「검은눈빛」 상태로 한다．매 T 종료 시，상대의 「방어/특방－1」		검은눈빛			－	－	7
미라클펀치	물리	격투			90	90	단일	±0	○	「펀치」 기술．타입 상성에 의해 무효화되지 않는다．	펀치	상성변경			공격	방어	7
바디프레스	물리	격투			80	100	단일	±0	○	자신과 상대의 「방어」 능력치로 대미지를 계산한다．		변칙계산			방어	방어	7
바위깨기	물리	격투			40	100	단일	±0	○	「5할：방어－1」					공격	방어	7
받아던지기	물리	격투			70	－	단일	－1	○	특수효과 없음．		필중			공격	방어	7
발경	물리	격투			60	100	단일	±0	○	「3할：마비」					공격	방어	7
발꿈치찍기	물리	격투			120	90	단일	±0	○	빗나가거나 무효화됐을 때，HP의 1/2만큼 반동 대미지를 받는다．「3할：혼란」					공격	방어	7
배대뒤치기	물리	격투			60	90	단일	－6	○	「강제교대」 기술．			강제교대		공격	방어	7
배수의진	변화	격투			－	－	자신	±0	×	자신이 「검은눈빛」 상태면 실패한다．자신을 「검은눈빛」 상태로 하고，「전능력치＋1」．		검은눈빛			－	－	7
백호의주먹	물리	격투			150	90	단일	－5	○	「펀치」 기술．「강제교대」 기술．	펀치	강제교대			공격	방어	7
벌크업	변화	격투			－	－	자신	±0	×	「공격/방어＋1」					－	－	7
보디블로	물리	격투			70	90	단일	±0	○	「10할：특공－1」					공격	방어	7
분노의주먹	물리	격투			150	－	단일	±0	○	자신이 「분노」 상태가 아니면 실패한다．명중 후，자신의 「분노」 상태를 해제한다．		필중			공격	방어	7
브레인버스터	물리	격투			120	70	단일	±0	○	「5할：특공－1」					공격	방어	7
비틀어누르기	물리	격투			85	90	단일	±0	○	상대가 「격투」 타입일 때，「효과가 굉장」해진다．「2할：마비」		상성변경			공격	방어	7
사자춤	물리	격투			95	100	단일	±0	○	「춤」 기술．「1할：공격＋1」	춤				공격	방어	7
서로때리기	물리	격투			65	100	단일	±0	○	기술을 내보내기 전에 상대의 공격을 받으면 위력이 강화（2배）된다．					공격	방어	7
성스러운칼	물리	격투			90	100	단일	±0	○	「칼/검」 기술．상대의 「방어/특방/회피」의 상승（강화）을 관통한다．	칼/검	상승무시			공격	방어	7
세로쪼개기	물리	격투			130	100	단일	±0	○	「칼/검」 기술．연속해서 내보내면 실패하기 쉽다．（「방어」 기술과 별도 판정．）	칼/검				공격	방어	7
소용돌이대차륜	물리	격투			70	－	단일	－3	○	「강제교대」 기술．「2할：마비」		필중	강제교대		공격	방어	7
손가락포	특수	격투			40	100	단일	＋3	×	「필드에 나온 후 최초」가 아니면 실패한다．「10할：풀죽음」		최초			특공	특방	7
손바닥치기	물리	격투			15	100	단일	±0	○	2～5회 「연속」 기술．		연속			공격	방어	7
스카이어퍼	물리	격투			85	90	단일	±0	○	「펀치」 기술．「하늘 위」 상태인 상대에게도 명중한다．	펀치				공격	방어	7
스타어설트	물리	격투			150	100	단일	±0	×	명중 후，다음 T 종료 후까지 자신을 「행동불능」 상태로 한다．		행동불능			공격	방어	7
승리의춤	변화	격투			－	－	자신	±0	×	「춤」 기술．「공격/방어/속도＋1」	춤				－	－	7
신비의칼	특수	격투			85	100	단일	±0	×	「칼/검」 기술．상대의 「방어」 능력치로 대미지를 계산한다．	칼/검	변칙계산			특공	방어	7
신의주먹	물리	격투			100	100	단일	±0	○	「소지품 파괴」 기술．		파괴			공격	방어	7
안다리걸기	물리	격투			120	100	단일	±0	○	자신과 상대의 「방어」 능력치를 반전해 대미지를 계산한다．		변칙계산			방어	방어	7
암해머	물리	격투			100	90	단일	±0	○	「펀치」 기술．명중 후，자신의 「속도－1」	펀치				공격	방어	7
액셀브레이크	물리	격투			100	100	단일	±0	○	「효과가 굉장」할 때，기술의 위력을 강화（1.3배）한다．					공격	방어	7
엄청난힘	물리	격투			120	100	단일	±0	○	「힘」 기술．명중 후，자신의 「공격/방어－1」	힘				공격	방어	7
업어후리기	물리	격투			50	100	단일	±0	○	반드시 급소에 맞는다．		확정급소			공격	방어	7
워드럼	물리	격투			70	100	전체	±0	×	「소리」 기술．「4할：공격＋1」	소리				공격	방어	7
원숭이지혜	변화	격투			－	－	자신	±0	×	「특공＋3」「공격－2」					－	－	7
유린제패	물리	격투			120	100	단일	±0	○	준 대미지의 1/4만큼 반동 대미지를 받는다．		반동			공격	방어	7
인파이트	물리	격투			120	100	단일	±0	○	명중 후，자신의 「방어/특방－1」					공격	방어	7
잠깨움뺨치기	물리	격투			70	100	단일	±0	○	상대가 「잠듦」 상태일 때，위력이 강화（2배）된다．상대의 「잠듦」 상태를 치유한다．					공격	방어	7
점프킥	물리	격투			100	95	단일	±0	○	「킥」 기술．빗나가거나 무효화됐을 때，HP의 1/2만큼 반동 대미지를 받는다．	킥	반동			공격	방어	7
정권지르기	물리	격투			100	100	단일	±0	○	「펀치」 기술．상대의 〔방호 특성〕을 관통한다．	펀치	특성관통			공격	방어	7
지구던지기	물리	격투			－	100	단일	－3	○	상대에게 HP의 1/3만큼 고정 대미지를 준다．		고정피해			－	－	7
지옥의바퀴	물리	격투			80	80	단일	±0	○	준 대미지의 1/4만큼 반동 대미지를 받는다．		반동			공격	방어	7
진각	물리	격투			70	－	전체	±0	×	상대가 「땅속」 상태일 때，위력이 강화（2배）된다．		필중			공격	방어	7
진공파	특수	격투			40	100	단일	＋1	×	특수효과 없음．					특공	특방	7
차올리기	물리	격투			60	－	단일	±0	○	「킥」 기술．「10할：텔레키네시스」	킥	필중			공격	방어	7
천둥차기	물리	격투			90	100	단일	±0	○	「킥」 기술．「10할：방어－1」	킥				공격	방어	7
천심권	물리	격투			140	50	단일	±0	○	「10할：혼란」					공격	방어	7
카운터	물리	격투			－	100	단일	－5	○	상대로부터 받은 「물리」 대미지의 2배만큼 고정 대미지를 준다．		고정피해			－	－	7
코칭	변화	격투			－	－	아군	±0	×	「공격/방어＋1」				더블배틀	－	－	7
크로스촙	물리	격투			100	80	단일	±0	○	급소에 맞기 쉽다（C＋1）．					공격	방어	7
크로스카운터	물리	격투			80	100	단일	＋1	○	「펀치」 기술．상대가 공격기술을 내보내지 않으면 실패한다．	펀치				공격	방어	7
태권당수	물리	격투			50	100	단일	±0	○	급소에 맞기 쉽다（C＋1）．					공격	방어	7
트리플킥（1회）	물리	격투			10	90	단일	±0	○	「킥」 기술．3회 「연속」 기술．1번 명중할 때마다 위력이 강화（＋10，최대 30）된다．	킥	연속			공격	방어	7
트리플킥（2회）	물리	격투			20	90	단일	±0	○	「킥」 기술．3회 「연속」 기술．1번 명중할 때마다 위력이 강화（＋10，최대 30）된다．	킥	연속			공격	방어	7
트리플킥（3회）	물리	격투			30	90	단일	±0	○	「킥」 기술．3회 「연속」 기술．1번 명중할 때마다 위력이 강화（＋10，최대 30）된다．	킥	연속			공격	방어	7
파동권	물리	격투			100	－	단일	±0	×	「파동」 기술．	파동				공격	방어	7
파동탄	특수	격투			80	－	단일	±0	×	「탄/볼」 기술．「파동」 기술．	탄/볼 파동	필중			특공	특방	7
파동포	특수	격투			150	90	단일	±0	×	「파동」 기술．명중 후，다음 T 종료 후까지 자신을 「행동불능」 상태로 한다．	파동	행동불능			특공	특방	7
파동폭풍	특수	격투			130	90	단일	±0	×	「바람」 기술．「파동」 기술．명중 후，자신의 「특공－2」	바람 파동				특공	특방	7
파이트액셀	물리	격투			80	100	단일	±0	×	「3할：마비」					공격	방어	7
판별	변화	격투			－	－	자신	＋4	×	「방어」 기술．연속해서 내보내면 실패하기 쉽다．	방어				－	－	7
패스트가드	변화	격투			－	－	자진	＋3	×	「방어」 기술．자진을 「패스트가드」 상태로 한다．	방어			더블배틀	－	－	7
패왕권	물리	격투			100	100	단일	±0	×	「소지품 파괴」 기술．		파괴			공격	방어	7
패왕의춤	변화	격투			－	－	자신	±0	×	「공격/방어/속도＋1」					－	－	7
폭발펀치	물리	격투			100	50	단일	±0	○	「펀치」 기술．「10할：혼란」	펀치				공격	방어	7
플라잉프레스	물리	격투	비행		100	95	단일	±0	○	「격투」「비행」 타입 중 유리한 타입 상성으로 대미지를 계산한다．상대가 「작아지기」 상태일 때，위력이 강화（2배）되고 「필중」 효과가 부여된다．		복합타입			공격	방어	7
필살배트	물리	격투			100	100	단일	±0	○	상대가 내보내는 공격과 우선도가 같을 때，위력을 강화（1.5배）한다．					공격	방어	7
한팔업어치기	물리	격투			80	－	단일	－7	○	「강제교대」 기술．「2할：마비」		필중	강제교대	전용기술	공격	방어	7
힘겨루기	물리	격투			120	100	단일	±0	○	자신과 상대의 「공격」 능력치로 대미지를 계산한다．		변칙계산			공격	공격	7
힘껏부딪히기	물리	격투			120	90	단일	±0	○	「3할：풀죽음」					공격	방어	7
힘껏펀치	물리	격투			150	100	단일	－3	○	「펀치」 기술．기술을 내보내기 전에 상대의 공격을 받으면 실패한다．	펀치				공격	방어	7
녹기	변화	독			－	－	자신	±0	×	「방어＋2」					－	－	8
늪에담그기	특수	독			100	100	단일	－3	×	기술을 내보내기 전에 「접촉」 기술을 받으면 상대를 「독」 상태로 한다．					특공	특방	8
더스트슈트	물리	독			120	80	단일	±0	×	「3할：독」					공격	방어	8
독가스	변화	독			－	90	전체	±0	×	상대를 「독」 상태로 한다．					－	－	8
독꼬리	물리	독			90	90	단일	±0	○	「꼬리」 기술．「2할：독」	꼬리				공격	방어	8
독사의엄니	물리	독			50	100	단일	±0	○	「물기/엄니」 기술．반드시 급소에 맞는다．	물기/엄니	확정급소			공격	방어	8
독실	변화	독			－	100	단일	±0	×	상대를 「독」 상태로 하고，상대의 「속도－1」					－	－	8
독압정	변화	독			－	－	적진	±0	×	「대지설치」 기술．적진에 「독압정」을 설치한다．	대지설치				－	－	8
독의칼	물리	독			100	100	단일	±0	○	「칼/검」 기술．급소에 맞기 쉽다（C＋1）．「2할：독」	칼/검				공격	방어	8
독전파	변화	독			－	70	단일	±0	×	상대를 「독」「혼란」 상태로 한다．					－	－	8
독찌르기	물리	독			80	100	단일	±0	○	「3할：독」					공격	방어	8
독침	물리	독			20	100	단일	±0	×	「10할：독」					공격	방어	8
독침천발	물리	독			60	100	단일	±0	○	상대가 「독/맹독」 상태일 때，위력이 강화（2배）된다．「5할：독」					공격	방어	8
똬리틀기	변화	독			－	－	자신	±0	×	「공격/방어/명중＋1」					－	－	8
맹독	변화	독			－	90	단일	±0	×	상대를 「맹독」 상태로 한다．「독」 타입이 내보내면 「필중」 효과가 부여된다．					－	－	8
맹독엄니	물리	독			50	100	단일	±0	○	「물기/엄니」 기술．「5할：맹독」	물기/엄니				공격	방어	8
베놈쇼크	특수	독			65	100	단일	±0	×	상대가 「독」 상태일 때，위력이 강화（2배）된다．					특공	특방	8
베놈스톰	특수	독			100	75	단일	±0	×	명중 후，상대를 「조이기」 상태로 한다．		조이기			특공	특방	8
베놈크로이츠	특수	독			130	100	단일	±0	×	연속해서 내보내면 실패하기 쉽다．（「방어」 기술과 별도 판정．）					특공	특방	8
베놈트랩	변화	독			－	100	단일	±0	×	「독」 상태인 상대의 「공격/특공/속도－1」상대가 「독」 상태가 아니면 실패한다．					－	－	8
병독침범	특수	독			100	100	전체	±0	×	타입 상성에 의해 무효화되지 않는다．「10할：맹독」		상성변경			특공	특방	8
부식가스	변화	독			－	－	전체	±0	×	「소지품 파괴」 기술．					－	－	8
셸암즈	특수	독			90	100	단일	±0	×	「물리」「특수」 중 더 많은 대미지를 줄 수 있는 쪽으로 기술의 분류가 변경된다．「1할：독」		변칙계산			공격	방어	8
수질오염	특수	독			100	100	전체	±0	×	상대가 「물」 타입일 때，「효과가 굉장」해진다．「3할：독」		상성변경			특공	특방	8
스모그	특수	독			30	70	단일	±0	×	「4할：독」					특공	특방	8
애시드봄	특수	독			40	100	단일	±0	×	「탄/볼」 기술．「10할：특방－2」	탄/볼				특공	특방	8
액막이	변화	독			－	－	단일	－3	×	상대를 「독」 상태로 해，「강제교대」			강제교대		－	－	8
오물공격	특수	독			65	100	단일	±0	×	「3할：독」					특공	특방	8
오물웨이브	특수	독			95	100	전체	±0	×	「1할：독」					특공	특방	8
오물폭탄	특수	독			90	100	단일	±0	×	「탄/볼」 기술．「3할：독」	탄/볼				특공	특방	8
용해액	특수	독			40	100	전체	±0	×	「1할：특방－1」					특공	특방	8
위액	변화	독			－	100	단일	±0	×	상대의 〔특성〕을 〔없음〕으로 변경한다．		특성변경			－	－	8
정화	변화	독			－	－	단일	±0	×	상대의 「상태이상」을 치유한다．치유하면，자신의 HP를 1/2만큼 회복한다．		회복			－	－	8
조여짜기	물리	독			150	－	단일	±0	○	상대가 「조이기」 상태가 아니면 실패한다．명중 후，상대의 「조이기」 상태를 해제한다．		필중			공격	방어	8
크로스포이즌	물리	독			70	100	단일	±0	○	「칼/검」 기술．급소에 맞기 쉽다（C＋1）．「1할：독」					공격	방어	8
클리어스모그	특수	독			50	－	단일	±0	×	명중 후，상대의 「능력변화」를 「초기화」한다．		초기화 필중			특공	특방	8
킬러스핀	물리	독			30	100	전체	±0	○	자진（자신）의 「설치물」「조이기」 상태를 해제한다．「10할：독」		해제			공격	방어	8
토치카	변화	독			－	－	자신	＋4	×	「방어」 기술．연속해서 내보내면 실패하기 쉽다．「접촉」 기술을 무효화했을 때，상대를 「독」 상태로 한다．	방어				－	－	8
트림	특수	독			120	90	단일	±0	×	「나무열매」를 먹은 후가 아니면 실패한다．					특공	특방	8
페이탈클로	물리	독			80	100	단일	±0	○	급소에 맞기 쉽다（C＋1）．「5할：독/마비/졸음」					공격	방어	8
포이즌액셀	물리	독			80	100	단일	±0	×	「3할：독」					공격	방어	8
포이즌테일	물리	독			50	100	단일	±0	○	「꼬리」 기술．급소에 맞기 쉽다（C＋1）．「1할：독」	꼬리				공격	방어	8
허둥지둥	물리	독			15	100	단일	＋1	×	2～5회 「연속」 기술．		연속			공격	방어	8
10만마력	물리	땅			95	95	단일	±0	○	특수효과 없음．					공격	방어	9
구멍파기	물리	땅			80	100	단일	±0	○	「모으기」 기술．1T째에 「땅속」으로 모습을 감추고，2T째에 공격한다．	모으기				공격	방어	9
그라운드캐논	특수	땅			150	90	단일	±0	×	명중 후，다음 T 종료 후까지 자신을 「행동불능」 상태로 한다．		행동불능			특공	특방	9
그라운드포스	물리	땅			90	100	전체	±0	×	특수효과 없음．					공격	방어	9
나라부수기	물리	땅			120	100	단일	±0	○	「땅속」에 있는 상대에게도 명중한다．급소에 맞기 쉽다（C＋1）．					공격	방어	9
나선반전	물리	땅			200	100	단일	±0	×	「떨어뜨리기」 기술．상대의 「능력변화：＋」를 반전해서 대미지를 계산한다．	드릴/나선	떨어뜨리기			공격	방어	9
나선의파동	특수	땅			100	－	단일	±0	×	「파동」 기술．상대의 「방어」 기술을 관통한다．명중 후，자신의 「방어－1」	드릴/나선 파동	방어관통 필중			특공	특방	9
단애의칼	물리	땅			120	85	전체	±0	×	「칼/검」 기술．	칼/검				공격	방어	9
대지의도끼	물리	땅			150	80	단일	±0	○	준 대미지의 1/2만큼 반동 대미지를 받는다．		반동			공격	방어	9
대지의칼	물리	땅			100	100	단일	±0	○	「칼/검」 기술．급소에 맞기 쉽다（C＋1）．	칼/검				공격	방어	9
대지의힘	특수	땅			90	100	단일	±0	×	「힘」 기술．「1할：특방－1」	힘				특공	특방	9
대지진	물리	땅			110	95	전체	±0	×	상대의 〔방호 특성〕을 관통한다．		특성관통			공격	방어	9
돌찌르기	물리	땅			80	100	단일	±0	○	「3할：마비」					공격	방어	9
뒷발차기	물리	땅			80	100	단일	－6	○	「강제교대」 기술．			강제교대		공격	방어	9
드릴다이브	물리	땅			120	100	단일	±0	○	「드릴」 기술．「모으기」 기술．상대의 「방어」 기술을 관통한다．1T째에 「땅속」으로 모습을 감추고，2T째에 공격한다．날씨가 「모래바람」일 때，모으기를 생략한다．	드릴/나선 모으기	방어관통			공격	방어	9
드릴라이너	물리	땅			80	95	단일	±0	○	「드릴」 기술．급소에 맞기 쉽다（C＋1）．	드릴/나선				공격	방어	9
드릴브레이크	물리	땅			150	90	단일	－3	○	「드릴」 기술．상대의 「방어」 기술을 관통한다．상대가 「방어」 기술을 내보내고 있지 않으면 실패한다．	드릴/나선	방어관통			공격	방어	9
들이받기	물리	땅			120	100	단일	±0	○	명중 후，자신의 「방어/특방－1」					공격	방어	9
땅가르기	물리	땅			－	30	단일	±0	×	「일격필살」 기술．	일격필살				－	－	9
땅고르기	물리	땅			60	100	전체	±0	×	「10할：속도－1」					공격	방어	9
매그니튜드	물리	땅			110	100	전체	±0	×	내보낼 때마다 위력이 랜덤하게 변화한다．	진도 8				공격	방어	9
머드샷	특수	땅			55	95	단일	±0	×	「10할：속도－1」					특공	특방	9
머드해머	물리	땅			150	80	단일	±0	×	준 대미지의 1/2만큼 반동 대미지를 받는다．		반동			공격	방어	9
모래모으기	변화	땅			－	－	자신	±0	×	HP를 1/2만큼 회복한다．		회복			－	－	9
모래뿌리기	변화	땅			－	100	단일	±0	×	「명중－1」					－	－	9
모래지옥	물리	땅			35	85	단일	±0	×	4～5T 동안 상대를 「조이기」 상태로 한다．		조이기			공격	방어	9
본러시	물리	땅			25	90	단일	±0	×	2～5회 「연속」 기술．		연속			공격	방어	9
분함의발구르기	물리	땅			75	100	단일	±0	○	직전에 내보낸 기술이 실패*하거나 빗나갔다면 위력이 강화（×2）된다．					공격	방어	9
뼈다귀부메랑	물리	땅			50	90	단일	±0	×	2회 「연속」 기술．		연속			공격	방어	9
뼈다귀치기	물리	땅			65	85	단일	±0	×	「1할：풀죽음」					공격	방어	9
뼈십자가	물리	땅			100	50	단일	±0	○	2회 「연속」 기술．		연속			공격	방어	9
사우전드애로	물리	땅			90	100	단일	±0	×	「화살」 기술．「떨어뜨리기」 기술．	화살	떨어뜨리기			공격	방어	9
사우전드웨이브	물리	땅			90	100	단일	±0	×	상대를 「검은눈빛」 상태로 한다．		검은눈빛			공격	방어	9
압정뿌리기	변화	땅			－	－	적진	±0	×	「대지설치」 기술．적진에 「압정」을 설치한다．	대지설치				－	－	9
열사의대지	특수	땅			70	100	단일	±0	×	서로의 「얼음」 상태를 치유한다．「3할：화상」		치유			특공	특방	9
열사의폭풍	특수	땅			95	80	전체	±0	×	「바람」 기술．「3할：화상」	바람				특공	특방	9
영거리포격	물리	땅			150	100	단일	－7	×	상대의 기술의 대미지를 행동 후로 미룬다．					공격	방어	9
오버로드	특수	땅			130	100	단일	±0	×	명중 후，자신의 「특공－2」					특공	특방	9
일구기	변화	땅			－	－	필드	±0	×	필드에 있는 모든 「풀」 타입 포켓몬의 「공격/특공＋1」					－	－	9
전력질주	물리	땅			165	90	단일	±0	○	자신과 상대의 「속도」 능력치로 대미지를 계산한다．명중 후，자신의 「속도－2」		변칙계산			속도	속도	9
전쟁의탑	물리	땅			180	70	전체	＋5	×	「떨어뜨리기」 기술．필드에 나온 후 2T째가 아니면 실패한다．		떨어뜨리기		전용기술	공격	방어	9
중력검	물리	땅			90	100	단일	±0	○	「떨어뜨리기」 기술．		떨어뜨리기			공격	방어	9
지뢰밭	변화	땅			－	－	적진	±0	×	「대지설치」 기술．적진에 「지뢰밭」을 설치한다．	대지설치				－	－	9
지모의만찬	특수	땅			80	100	전체	±0	×	준 대미지의 2/3만큼 HP를 회복한다．		드레인			특공	특방	9
지진	물리	땅			100	100	전체	±0	×	상대가 「땅속」 상태일 때，위력이 강화（2배）된다．					공격	방어	9
진흙범벅	변화	땅			－	－	단일	±0	×	상대의 타입을 「땅」으로 변경한다．		타입변경			－	－	9
진흙뿌리기	특수	땅			20	100	단일	±0	×	「10할：명중－1」					특공	특방	9
진흙폭탄	특수	땅			65	85	단일	±0	×	「탄/볼」 기술．「3할：명중－1」	탄/볼				특공	특방	9
황야의엄니	물리	땅	강철		200	100	전체	±0	○	「물기/엄니」 기술．「땅」「강철」 타입 중 유리한 타입 상성으로 대미지를 계산한다．	물기/엄니	복합타입		전용기술	공격	방어	9
흙놀이	변화	땅			－	－	필드	±0	×	5T 동안 전체 필드를 「흙놀이」 상태로 한다．	필드				－	－	9
공기포	특수	비행			150	90	단일	±0	×	명중 후，다음 T 종료 후까지 자신을 「행동불능」 상태로 한다．		행동불능			특공	특방	10
공중날기	물리	비행			90	95	단일	±0	○	「모으기」 기술．1T째에 「하늘 위」로 모습을 감추고，2T째에 공격한다．	모으기				공격	방어	10
공중제비	물리	비행			70	100	단일	±0	○	「유턴」 기술．			유턴		공격	방어	10
급강하	특수	비행			50	100	단일	±0	×	반드시 급소에 맞는다．		확정급소			특공	특방	10
깃털댄스	변화	비행			－	100	단일	±0	×	「춤」 기술．「공격－2」	춤				－	－	10
날개로때리기	물리	비행			120	100	전체	±0	○	「펀치」 기술．명중 후，자신의 「방어/특방－1」	펀치				공격	방어	10
날개로방어	변화	비행			－	－	자신	＋3	×	「방어」 기술．상대의 「공격」 기술을 「방어」한다．연속해서 내보내면 실패하기 쉽다．「접촉」 기술을 무효화했을 때，자신의 「속도＋1」	방어				－	－	10
날개쉬기	변화	비행			－	－	자신	±0	×	HP를 1/2만큼 회복한다．T 종료 시까지，자신의 「비행」 타입이 소실된다．（「비행」 단일 타입일 경우 「노말」 타입이 된다．）		회복			－	－	10
날개치기	물리	비행			60	100	단일	±0	○	특수효과 없음．					공격	방어	10
더블윙	물리	비행			40	90	단일	±0	○	2회 「연속」 기술．		연속			공격	방어	10
데스윙	특수	비행			80	100	단일	±0	×	준 대미지의 3/4만큼 HP를 회복한다．		드레인			특공	특방	10
독수리쥐기	물리	비행			100	85	단일	±0	○	명중 후，상대를 「조이기」 상태로 한다．		조이기			공격	방어	10
돌풍	물리	비행			120	75	단일	±0	×	「2할：풀죽음」					공격	방어	10
따라하기	변화	비행			－	－	단일	±0	×	상대가 가장 마지막에 내보낸 기술을 내보낸다．					－	－	10
뛰어오르기	물리	비행			85	85	단일	±0	○	「모으기」 기술．1T째에 「하늘 위」로 모습을 감추고，2T째에 공격한다．「3할：마비」	모으기				공격	방어	10
마하비행	특수	비행			120	100	단일	±0	×	자신과 상대의 「속도」 능력치로 대미지를 계산한다．		변칙계산			속도	속도	10
바람구멍	물리	비행			100	85	단일	－3	○	상대의 「방어」 기술을 관통한다．		방어관통			공격	방어	10
바람의칼	물리	비행			100	100	단일	±0	○	「칼/검」 기술．급소에 맞기 쉽다（C＋1）．	칼/검				공격	방어	10
바람일으키기	특수	비행			40	100	단일	±0	×	「바람」 기술．「하늘 위」 상태인 상대에게도 명중한다．	바람				특공	특방	10
버드보이스	특수	비행			70	90	단일	±0	×	「소리」 기술．「4할：특방－1」	소리				특공	특방	10
부리캐논	물리	비행			100	100	단일	－3	○	「탄/볼」 기술．기술을 내보내기 전에 「접촉」 기술 을 받으면 상대를 「화상」 상태로 한다．	탄/볼				공격	방어	10
불새	물리	비행			140	90	단일	±0	×	「모으기」 기술．급소에 맞기 쉽다（C＋1）．「3할：풀죽음」	모으기				공격	방어	10
브레이브버드	물리	비행			120	100	단일	±0	○	준 대미지의 1/3만큼 반동 대미지를 받는다．		반동			공격	방어	10
수다	특수	비행			65	100	단일	±0	×	「소리」 기술．「10할：혼란」	소리				특공	특방	10
순풍	변화	비행			－	－	자진	±0	×	「바람」 기술．4T 동안 자진을 「순풍」 상태로 한다．	바람				－	－	10
악마의날개	특수	비행			90	100	단일	±0	○	「4할：풀죽음」					특공	특방	10
안개제거	변화	비행			－	－	필드	±0	×	전체 필드의 특수한 상태를 해제한다．「10할：회피－1」		해제			－	－	10
애크러뱃	물리	비행			55	100	단일	±0	○	자신에게 「소지품」이 없을 때，위력이 강화（2배）된다．					공격	방어	10
에어로블라스트	특수	비행			100	95	단일	±0	×	급소에 맞기 쉽다（C＋1）．					특공	특방	10
에어슬래시	특수	비행			75	95	단일	±0	×	「칼/검」 기술．「3할：풀죽음」	칼/검				특공	특방	10
에어커터	특수	비행			60	95	전체	±0	×	「바람」 기술．「칼/검」 기술．급소에 맞기 쉽다（C＋1）．	바람 칼/검				특공	특방	10
제비반환	물리	비행			60	－	단일	±0	○	「칼/검」 기술．		필중			공격	방어	10
질풍	물리	비행			40	100	단일	＋1	×	특수효과 없음．					공격	방어	10
질풍의칼	물리	비행			150	100	단일	－3	○	「칼/검」 기술．기술을 내보내기 전에 상대의 공격을 받으면 실패한다．	칼/검				공격	방어	10
질풍탄	특수	비행			80	－	단일	±0	×	특수효과 없음．		필중			특공	특방	10
쪼기	물리	비행			35	100	단일	±0	○	특수효과 없음．					공격	방어	10
쪼아대기	물리	비행			60	100	단일	±0	○	상대의 「나무열매」를 자신이 먹는다．					공격	방어	10
찬바람폭풍	특수	비행			100	80	전체	±0	×	「바람」 기술．「3할：동상」	바람				특공	특방	10
충격파	특수	비행			100	100	전체	±0	×	「소리」 기술．	소리				특공	특방	10
카미카제	물리	비행			150	90	단일	±0	○	명중 후，다음 T 종료 후까지 자신을 「행동불능」 상태로 한다．		행동불능			공격	방어	10
클리어허밍	특수	비행			50	－	단일	±0	×	「소리」 기술．명중 후，상대의 「능력변화」를 「초기화」한다．	소리	초기화			특공	특방	10
폭풍	특수	비행			110	70	단일	±0	×	「바람」 기술．날씨가 「비（강한 비）」일 때，「필중」 효과가 부여된다．「3할：혼란」	바람				특공	특방	10
폭풍경보	특수	비행			100	100	단일	±0	×	「미래예지」 기술．「바람」 기술．상대를 「폭풍경보」 상태로 한다．	미래예지 바람	방어관통			특공	특방	10
풍마수리검	물리	비행			150	90	단일	＋2	○	「칼/검」 기술．「필드에 나온 후 최초」가 아니면 실패한다．	칼/검	최초			공격	방어	10
풍신권	물리	비행			50	85	단일	±0	×	3회 「연속」 기술．					공격	방어	10
프리폴	물리	비행			60	100	단일	±0	○	「모으기」 기술．1T째에 상대와 함께 「하늘 위」로 모습을 감추고，2T째에 공격한다．（상대는 「하늘 위」 상태일 때， 기술을 내보낼 수 없다．）	모으기				공격	방어	10
화룡점정	물리	비행			120	100	단일	±0	○	명중 후，자신의 「방어/특방－1」					공격	방어	10
화살로꿰뚫기	특수	비행			100	－	단일	－3	×	「화살」 기술．	화살	필중			특공	특방	10
황금의바람	특수	비행			100	100	전체	±0	×	「소지품 파괴」 기술．		파괴			특공	특방	10
회전부리	물리	비행			80	100	단일	±0	○	특수효과 없음．					공격	방어	10
가드셰어	변화	에스퍼			－	－	단일	±0	×	상대의 「방어」「특방」 종족치를 자신과 같은 랭크로 한다．					－	－	11
가드스왑	변화	에스퍼			－	－	단일	±0	×	자신과 상대의 「방어」「특방」의 「능력변화」를 뒤바꾼다．					－	－	11
고속이동	변화	에스퍼			－	－	자신	±0	×	「속도＋2」					－	－	11
꿈먹기	특수	에스퍼			100	100	단일	±0	×	준 대미지의 1/2만큼 HP를 회복한다．상대가 「잠듦」 상태가 아니면 실패한다．		드레인			특공	특방	11
이차원홀	특수	에스퍼			80	－	단일	±0	×	상대의 「방어」 기술을 관통한다．		방어관통 필중			특공	특방	11
러스터퍼지	특수	에스퍼			70	100	단일	±0	×	「5할：특방－1」					특공	특방	11
루미나콜리전	특수	에스퍼			80	100	단일	±0	×	「10할：특방－2」					특공	특방	11
리플렉터	변화	에스퍼			－	－	자진	±0	×	「벽」 기술．5T 동안 자진에 「리플렉터」를 전개한다．	벽				－	－	11
마법가루	변화	에스퍼			－	－	단일	±0	×	「가루」 기술．상대의 타입을 「에스퍼」로 변경한다．	가루 마법	타입변경			－	－	11
망각술	변화	에스퍼			－	－	자신	±0	×	「특방＋2」					－	－	11
매지컬액셀	물리	에스퍼			80	100	단일	±0	×	「마법」 기술．「3할：혼란」	마법				공격	방어	11
매직룸	변화	에스퍼			－	－	전체	±0	×	5T 동안 전체 필드에 「매직룸」을 전개한다．	룸				－	－	11
매직코트	변화	에스퍼			－	－	자신	±0	×	자신을 「매직코트」 상태로 한다．					－	－	11
명상	변화	에스퍼			－	－	자신	±0	×	「특공/특방＋1」					－	－	11
미라클아이	변화	에스퍼			－	－	단일	±0	×	상대의 데이터를 해석하고，자신을 「꿰뚫어보기」 상태로 한다．		방어관통			－	－	11
미래예지	특수	에스퍼			100	100	단일	±0	×	「미래예지」 기술．상대를 「미래예지」 상태로 한다．	미래예지	방어관통			특공	특방	11
미러다이브	변화	에스퍼			－	－	자신	±0	×	1T 동안 자신을 「미러다이브」 상태로 한다．연속해서 내보내면 실패한다．					－	－	11
미러코트	특수	에스퍼			－	100	단일	－5	×	상대로부터 받은 「특수」 대미지의 2배만큼 고정 대미지를 준다．		고정피해			－	－	11
미스트볼	특수	에스퍼			70	100	단일	±0	×	「탄/볼」 기술．「5할：특공－1」	탄/볼				특공	특방	11
배리어	변화	에스퍼			－	－	자신	±0	×	「방어＋2」					－	－	11
배리어러시	물리	에스퍼			70	90	단일	±0	○	「10할：방어＋1」					공격	방어	11
벽으로으깨기	물리	에스퍼			150	－	전체	±0	×	자진에 「벽」 기술이 전개되어 있지 않으면 실패한다．명중 후，자진의 「벽」을 해제한다．「2할：혼란」		필중			공격	방어	11
봉인	변화	에스퍼			－	－	단일	±0	×	상대의 기술을 모두 공개하고，그 중 1개를 선택해 「봉인」 상태로 한다．					－	－	11
브레이브차지	변화	에스퍼			－	－	자신	±0	×	자신의 「상태이상」을 치유한다．「공격/방어＋1」		치유			－	－	11
빛의장막	변화	에스퍼			－	－	자진	±0	×	「벽」 기술．5T 동안 자진에 「빛의장막」을 전개한다．	벽				－	－	11
사념의박치기	물리	에스퍼			80	90	단일	±0	○	「2할：풀죽음」					공격	방어	11
사념의칼	물리	에스퍼			100	100	단일	±0	×	「칼/검」 기술．급소에 맞기 쉽다（C＋1）．「2할：풀죽음」	칼/검				공격	방어	11
사이드체인지	변화	에스퍼			－	－	자신	＋2	×	자신과 아군이 있는 장소를 바꾼다．				더블배틀	－	－	11
사이코부스트	특수	에스퍼			140	90	단일	±0	×	명중 후，자신의 「특공－2」					특공	특방	11
사이코브레이크	특수	에스퍼			100	100	단일	±0	○	자신의 「특공」과 상대의 「방어」 능력치로 대미지를 계산한다．		변칙계산			특공	방어	11
사이코소드	물리	에스퍼			90	100	단일	±0	○	「칼/검」 기술．급소에 맞기 쉽다（C＋1）．	칼/검				공격	방어	11
사이코쇼크	특수	에스퍼			80	100	단일	±0	×	자신의 「특공」과 상대의 「방어」 능력치로 대미지를 계산한다．		변칙계산			특공	방어	11
사이코시프트	변화	에스퍼			－	100	단일	±0	×	자신에게 걸려 있는 「상태이상」을 상대에게 옮긴다．（얼음 불가）					－	－	11
사이코웨이브	특수	에스퍼			－	100	단일	±0	×	자신의 레벨의 0.5～1.5배 사이의 고정 대미지를 준다．					－	－	11
사이코체인지	특수	에스퍼			70	100	단일	±0	×	「유턴」 기술．			유턴		특공	특방	11
사이코커터	물리	에스퍼			70	100	단일	±0	×	「칼/검」 기술．급소에 맞기 쉽다（C＋1）．	칼/검				공격	방어	11
사이코크래시	특수	에스퍼			120	100	단일	±0	×	명중 후，자신의 「방어/특방－1」					특공	특방	11
사이코키네시스	특수	에스퍼			90	100	단일	±0	×	「1할：특방－1」					특공	특방	11
사이코팽	물리	에스퍼			85	100	단일	±0	○	「물기/엄니」 기술．적진의 「벽」을 해제한 후 기술을 내보낸다．	물기/엄니	깨트리기			공격	방어	11
사이코필드	변화	에스퍼			－	－	필드	±0	×	5T 동안 전체 필드를 「사이코필드」 상태로 한다．	필드				－	－	11
섬뜩한주문	특수	에스퍼			80	100	단일	±0	×	「소리」 기술．2T 동안 상대를 「트집」 상태로 한다．	소리				특공	특방	11
순간이동	변화	에스퍼			－	－	자신	－6	×	「유턴」 기술．			유턴		－	－	11
숟가락휘기	변화	에스퍼			－	80	단일	±0	×	「명중－1」					－	－	11
스킬스왑	변화	에스퍼			－	－	단일	±0	×	자신과 상대의 〔특성〕을 뒤바꾼다．		특성변경			－	－	11
스피드스왑	변화	에스퍼			－	－	단일	±0	×	자신과 상대의 「속도」 종족치를 뒤바꾼다．					－	－	11
신경전	특수	에스퍼			30	100	전체	±0	×	「10할：특공－1」					특공	특방	11
신비의힘	특수	에스퍼			70	90	단일	±0	×	「10할：특공＋1」					특공	특방	11
신통력	특수	에스퍼			80	100	단일	±0	×	「1할：풀죽음」					특공	특방	11
싱크로노이즈	특수	에스퍼			120	100	전체	±0	×	「소리」 기술．상대가 자신과 같은 타입일 때，「효과가 굉장」해진다．상대가 자신과 같은 타입이 아니면 실패한다．	소리	상성변경			특공	특방	11
앞서가기	특수	에스퍼			130	－	단일	±0	×	상대가 「임의교대」 도중일 때，위력이 강화（2배）된다．상대가 「미래예지」 상태가 아니면 실패한다．		필중			특공	특방	11
어둠의주술	특수	에스퍼	고스트		130	85	단일	±0	×	「에스퍼」「고스트」 타입 중 유리한 타입 상성으로 대미지를 계산한다．		복합타입			특공	특방	11
어시스트파워（1P）	특수	에스퍼			20	100	단일	±0	×	자신의 「능력변화：＋」에 비례해 위력이 강화（＋20，최대 860）된다．					특공	특방	11
어시스트파워（2P）	특수	에스퍼			40	100	단일	±0	×	자신의 「능력변화：＋」에 비례해 위력이 강화（＋20，최대 860）된다．					특공	특방	11
얼어붙는시선	특수	에스퍼			90	100	단일	±0	×	「1할：얼음」					특공	특방	11
역할	변화	에스퍼			－	－	단일	±0	×	자신의 〔특성〕을 상대와 같은 〔특성〕으로 변경한다．		특성변경			－	－	11
염동력	특수	에스퍼			50	100	단일	±0	×	「1할：혼란」					특공	특방	11
오라윙	특수	에스퍼			80	100	단일	±0	○	급소에 맞기 쉽다（C＋1）．「10할：속도＋1」					특공	특방	11
와이드포스	특수	에스퍼			80	100	단일	±0	×	전체 필드가 「사이코필드」 상태일 때，위력이 강화（1.5배）되고 대상이 「전체」 기술로 변경된다．					특공	특방	11
요가포즈	변화	에스퍼			－	－	자신	±0	×	「공격＋1」					－	－	11
원더룸	변화	에스퍼			－	－	필드	±0	×	5T 동안 전체 필드에 「원더룸」을 전개한다．	룸				－	－	11
자기복원	변화	에스퍼			－	－	자신	±0	×	HP를 1/2만큼 회복한다．		회복			－	－	11
잠자기	변화	에스퍼			－	－	자신	±0	×	자신의 HP와 「상태이상」을 모두 회복하고，2T 동안 자신을 「잠듦」 상태로 한다．					－	－	11
중력	변화	에스퍼			－	－	필드	±0	×	5T 동안 전체 필드를 「중력」 상태로 한다．	필드				－	－	11
지연전이	변화	에스퍼			－	－	자신	－5	×	「유턴」 기술．			유턴		－	－	11
지휘	변화	에스퍼			－	－	아군	±0	×	이번 T에 쓴 기술을 다시 한 번 쓰게 할 수 있다．				더블배틀	－	－	11
차륜전	물리	에스퍼	드래곤		200	－	전체	±0	○	「추격」 기술．상대가 「임의교대」 도중일 때，위력이 강화（2배）된다．「에스퍼」「드래곤」 타입 중 유리한 타입 상성으로 대미지를 계산한다．		복합타입 필중	추격		공격	방어	11
초승달의기도	변화	에스퍼			－	－	자신	±0	×	아군 전원의 HP를 1/4만큼 회복하고 「상태이상」을 치유한다．		치유 회복			－	－	11
초승달춤	변화	에스퍼			－	－	자신	±0	×	「춤」 기술．자신을 「빈사」 상태로 하고，「죽어내밀기」로 나오는 아군의 HP와 「상태이상」을 전부 회복한다．	자폭 춤	치유 회복			－	－	11
최면술	변화	에스퍼			－	60	단일	±0	×	상대를 「잠듦」 상태로 한다．					－	－	11
치유소원	변화	에스퍼			－	－	자신	±0	×	자신을 「빈사」 상태로 하고，「죽어내밀기」로 나오는 아군의 HP와 「상태이상」을 전부 회복한다．	자폭	치유 회복			－	－	11
치유파동	변화	에스퍼			－	－	단일	±0	×	「파동」 기술．상대의 HP를 1/2만큼 회복한다．	파동				－	－	11
코스믹파워	변화	에스퍼			－	－	자신	±0	×	「방어/특방＋1」					－	－	11
텔레키네시스	변화	에스퍼			－	－	단일	±0	×	상대를 「텔레키네시스」 상태로 한다．					－	－	11
트릭	변화	에스퍼			－	100	단일	±0	×	서로의 「소지품」을 뒤바꾼다．자신과 상대 모두에게 「소지품」이 없다면 실패한다．					－	－	11
트릭룸	변화	에스퍼			－	－	필드	±0	×	5T 동안 전체 필드에 「트릭룸」을 전개한다．	룸				－	－	11
트윈빔	특수	에스퍼			40	100	단일	±0	×	2회 「연속」 기술．	연속				특공	특방	11
파워셰어	변화	에스퍼			－	－	단일	±0	×	상대의 「공격」「특공」 종족치를 자신과 같은 랭크로 한다．					－	－	11
파워스왑	변화	에스퍼			－	－	단일	±0	×	자신과 상대의 「공격」「특공」의 「능력변화」를 뒤바꾼다．					－	－	11
파워트릭	변화	에스퍼			－	－	자신	±0	×	자신의 「공격」과 「방어」 종족치를 뒤바꾼다．					－	－	11
포톤가이저	특수	에스퍼			100	100	단일	±0	×	자신의 공>특공일 때，기술의 분류를 「물리」로 한다．					특공	특방	11
프리즘레이저	특수	에스퍼			160	100	단일	±0	×	명중 후，다음 T 종료 후까지 자신을 「행동불능」 상태로 한다．		행동불능			특공	특방	11
하트스왑	변화	에스퍼			－	－	단일	±0	×	자신과 상대의 「능력변화」를 뒤바꾼다．					－	－	11
하트스탬프	물리	에스퍼			60	100	단일	±0	○	「3할：풀죽음」					공격	방어	11
환상빔	특수	에스퍼			65	100	단일	±0	×	「1할：혼란」					특공	특방	11
회복봉인	변화	에스퍼			－	100	단일	±0	×	5T 동안 상대를 「회복봉인」 상태로 한다．					－	－	11
거미집	변화	벌레			－	－	단일	±0	×	5T 동안 상대를 「검은눈빛」 상태로 한다．		검은눈빛			－	－	12
공격지령	물리	벌레			90	100	단일	±0	×	급소에 맞기 쉽다（C＋1）．					공격	방어	12
그래스호퍼	물리	벌레			100	85	단일	＋2	×	「필드에 나온 후 최초」가 아니면 실패한다．		최초			공격	방어	12
꽃가루경단	특수	벌레			90	100	단일	±0	×	「탄/볼」 기술．빗나갔을 때，자신의 HP를 1/2만큼 회복한다．	탄/볼	회복			특공	특방	12
끈적끈적네트	변화	벌레			－	－	적진	±0	×	「대지설치」 기술．적진에 「끈적끈적네트」를 설치한다．	대지설치				－	－	12
나비춤	변화	벌레			－	－	자신	±0	×	「춤」 기술．「특공/특방/속도＋1」	춤				－	－	12
니들러시	물리	벌레			120	100	단일	±0	○	명중 후，자신의 「방어/특방－1」					공격	방어	12
달려들기	물리	벌레			50	100	단일	±0	○	「10할：속도－1」					공격	방어	12
대절단	물리	벌레			100	90	단일	±0	○	급소에 맞기 쉽다（C＋1）．					공격	방어	12
더블니들	물리	벌레			25	100	단일	±0	○	2회 「연속」 기술．「2할：독」		연속			공격	방어	12
덤벼들기	물리	벌레			80	100	단일	±0	○	「10할：공격－1」					공격	방어	12
마지막일침	물리	벌레			50	100	단일	±0	○	상대를 쓰러트렸을 때，「공격＋3」					공격	방어	12
만나자마자	물리	벌레			90	100	단일	＋2	○	「필드에 나온 후 최초」가 아니면 실패한다．		최초			공격	방어	12
매미울음	물리	벌레			100	90	단일	±0	×	날씨가 「쾌청（큰가뭄）」일 때，「필중」 효과가 부여된다．급소에 맞기 쉽다（C＋1）．					공격	방어	12
메가혼	물리	벌레			120	85	단일	±0	○	「뿔」 기술．	뿔				공격	방어	12
바늘미사일	물리	벌레			25	95	단일	±0	×	2～5회 「연속」 기술．		연속			공격	방어	12
반딧불	변화	벌레			－	－	자신	±0	×	「특공＋3」					－	－	12
방어지령	변화	벌레			－	－	자신	±0	×	「방어/특방＋1」					－	－	12
벌레구이	특수	벌레			80	100	단일	±0	×	「3할：화상」					특공	특방	12
벌레되돌리기	변화	벌레			－	－	자신	＋1	×	「벌레」 타입 기술을 반사한다．연속해서 내보내면 실패한다．					－	－	12
벌레먹기	물리	벌레			60	100	단일	±0	×	상대의 「나무열매」를 자신이 먹는다．					공격	방어	12
벌레의대군	물리	벌레			180	70	전체	＋5	×	 필드에 나온 후 2T째가 아니면 실패한다．					공격	방어	12
벌레의야단법석	특수	벌레			90	100	단일	±0	×	「소리」 기술．「1할：특방－1」	소리				특공	특방	12
벌레의저항	특수	벌레			50	100	전체	±0	×	「10할：특공－1」					특공	특방	12
벌레잡기	물리	벌레			130	－	단일	±0	○	상대가 「벌레」 타입이 아니면 실패한다．		필중			공격	방어	12
벌집만들기	물리	벌레			15	100	단일	＋1	×	2～5회 「연속」 기술．		연속			공격	방어	12
분노가루	변화	벌레			－	－	단일	±0	×	「가루」 기술．3T 동안 상대를 「도발」 상태로 한다．	가루				－	－	12
분진	변화	벌레			－	－	단일	＋4	×	「가루」 기술．상대를 「분진」 상태로 한다．	가루				－	－	12
뿔로내던지기	물리	벌레			80	100	단일	－7	○	「강제교대」 기술．			강제교대		공격	방어	12
스레드트랩	변화	벌레			－	－	자신	＋4	×	「방어」 기술．연속해서 내보내면 실패하기 쉽다．「접촉」 기술을 무효화했을 때，상대의 「속도－1」	방어				－	－	12
스트링스톰	특수	벌레			100	70	단일	±0	×	상대를 2～5T 동안 「조이기」 상태로 한다．		조이기			특공	특방	12
시그널빔	특수	벌레			75	100	단일	±0	×	「1할：혼란」					특공	특방	12
시끄러운날갯소리	특수	벌레			120	75	전체	±0	×	「소리」 기술．「2할：혼란」	소리				특공	특방	12
시저크로스	물리	벌레			80	100	단일	±0	○	「칼/검」 기술．	칼/검				공격	방어	12
신의검	물리	벌레			180	－	단일	－3	○	「칼/검」 기술．기술을 내보내기 전에 상대의 공격을 받으면 실패한다．	칼/검				공격	방어	12
실뿜기	변화	벌레			－	95	전체	±0	×	상대의 「속도－2」					－	－	12
엄습하는일격	물리	벌레			70	90	단일	±0	○	「10할：특공－1」					공격	방어	12
엉겨붙기	특수	벌레			20	100	단일	±0	○	4～5T 동안 상대를 「조이기」 상태로 한다．		조이기			특공	특방	12
연속자르기	물리	벌레			40	95	단일	±0	○	「칼/검」 기술．연속해서 명중할 때마다 위력이 강화（2배）된다．（최대 160） 빗나가면 초기화된다．	칼/검				공격	방어	12
왕자의뿔	물리	벌레			120	85	단일	－7	○	「강제교대」 기술．			강제교대		공격	방어	12
유턴	물리	벌레			70	100	단일	±0	○	「유턴」 기술．			유턴		공격	방어	12
은빛바람	특수	벌레			60	100	단일	±0	×	「1할：전능력치＋1」					특공	특방	12
잔상베기	물리	벌레			15	100	단일	＋1	×	「칼/검」 기술．2～5회 「연속」 기술．	칼/검	연속			공격	방어	12
잠의날갯소리	특수	벌레			60	100	전체	±0	×	「소리」 기술．3할의 확률로 상대를 「잠듦」 상태로 한다．	소리				특공	특방	12
잠자리베기	물리	벌레			130	－	단일	±0	○	「칼/검」 기술．상대가 「벌레」 타입일 때，「효과가 굉장」해진다．상대가 「벌레」 타입이 아니면 실패한다．	칼/검	상성변경 필중			공격	방어	12
큰낫베기	물리	벌레			50	100	단일	±0	○	반드시 급소에 맞는다．		확정급소			공격	방어	12
하드롤러	물리	벌레			65	100	단일	±0	○	상대가 「작아지기」 상태일 때，위력이 강화（2배）되고 「필중」 효과가 부여된다．「3할：풀죽음」					공격	방어	12
호타루마루	물리	벌레			150	－	단일	±0	○	「칼/검」 기술．상대의 「방어」 기술을 관통한다．	칼/검	방어관통 필중			공격	방어	12
회복지령	변화	벌레			－	－	자신	±0	×	HP를 1/2만큼 회복한다．		회복			－	－	12
흡혈	물리	벌레			80	100	단일	±0	○	준 대미지의 1/2만큼 HP를 회복한다．		드레인			공격	방어	12
구르기	물리	바위			30	90	단일	±0	○	「봉인」 상태가 되거나 빗나갈 때까지 5T 동안 내보낸다．명중할 때마다 위력이 강화（2배）된다．「웅크리기」 상태일 때， 위력이 강화（2배）된다．					공격	방어	13
굴착엄니	물리	바위			150	100	단일	＋2	○	「필드에 나온 후 최초」가 아니면 실패한다．		최초			공격	방어	13
나인라이브즈	물리	바위			90	－	단일	±0	×	특수효과 없음．					공격	방어	13
낙석주의	특수	바위			100	100	단일	±0	×	「미래예지」 기술．상대를 「낙석주의」 상태로 한다．	미래예지	방어관통			특공	특방	13
다이아스톰	물리	바위			100	95	단일	±0	×	「5할：방어＋2」					공격	방어	13
다이아커터	물리	바위			50	100	단일	±0	○	반드시 급소에 맞는다．		확정급소			공격	방어	13
돌떨구기	물리	바위			50	90	단일	±0	×	특수효과 없음．					공격	방어	13
돌찌르기	물리	바위			80	100	단일	±0	○	「3할：마비」					공격	방어	13
떨어뜨리기	물리	바위			50	100	단일	±0	×	「떨어뜨리기」 기술．		떨어뜨리기			공격	방어	13
록블라스트	물리	바위			25	90	단일	±0	×	「탄/볼」 기술．2～5회 「연속」 기술．	탄/볼	연속			공격	방어	13
록스탬프	물리	바위			120	100	단일	±0	○	자신과 상대의 「방어」 능력치로 대미지를 계산한다．		변칙계산			방어	방어	13
록커트	변화	바위			－	－	자신	±0	×	「속도＋2」					－	－	13
메테오빔	특수	바위			120	90	단일	±0	×	「모으기」 기술．1T째에 자신의 「특공」을 올리고，2T째에 공격한다．	모으기				특공	특방	13
모래바람	변화	바위			－	－	필드	±0	×	「바람」 기술．5T 동안 날씨를 「모래바람」으로 한다．	날씨 바람				－	－	13
바위의칼	물리	바위			100	100	단일	±0	○	「칼/검」 기술．급소에 맞기 쉽다（C＋1）．	칼/검				공격	방어	13
보석의창	특수	바위			150	90	단일	＋2	×	「창」 기술．「필드에 나온 후 최초」가 아니면 실패한다．	창	최초			특공	특방	13
부싯돌	변화	바위			－	90	단일	＋1	×	상대를 「화상」 상태로 한다．					－	－	13
브레이크블레이드	물리	바위			120	100	단일	±0	○	「칼/검」 기술．명중 후，자신의 「방어/특방－1」	칼/검				공격	방어	13
산부수기	물리	바위			200	100	단일	±0	○	적진의 「벽」을 해제한 후 기술을 내보낸다．		깨트리기			공격	방어	13
석화	변화	바위			－	100	단일	±0	×	상대의 타입을 「바위」로 변경한다．		타입변경			－	－	13
소금절이	물리	바위			40	100	단일	±0	×	「10할：소금절이」					공격	방어	13
스텔스록	변화	바위			－	－	적진	±0	×	「설치」 기술．적진에 「스텔스록」을 설치한다．	설치				－	－	13
스톤샤워	물리	바위			75	90	전체	±0	×	「3할：풀죽음」					공격	방어	13
스톤에지	물리	바위			100	80	단일	±0	×	급소에 맞기 쉽다（C＋1）．					공격	방어	13
암석봉인	물리	바위			60	95	단일	±0	×	「10할：속도－1」					공격	방어	13
암석액스	물리	바위			65	90	단일	±0	○	「칼/검」 기술．명중 후，적진에 「스텔스록」을 설치한다．	설치 칼/검				공격	방어	13
암석탄	특수	바위			80	－	단일	±0	×	「탄/볼」 기술．	탄/볼	필중			특공	특방	13
암석포	물리	바위			150	90	단일	±0	×	「탄/볼」 기술．명중 후，다음 T 종료 후까지 자신을 「행동불능」 상태로 한다．	탄/볼	행동불능			공격	방어	13
액셀록	물리	바위			40	100	단일	＋1	○	특수효과 없음．					공격	방어	13
양날박치기	물리	바위			150	80	단일	±0	○	준 대미지의 1/2만큼 반동 대미지를 받는다．		반동			공격	방어	13
와이드가드	변화	바위			－	－	단일	±0	×	「방어」 기술．상대의 「전체」 기술을 「방어」한다．	방어				－	－	13
와일드캐논	특수	바위			150	90	단일	±0	×	명중 후，다음 T 종료 후까지 자신을 「행동불능」 상태로 한다．		행동불능			특공	특방	13
원시의힘	특수	바위			60	100	단일	±0	×	「힘」 기술．「1할：전능력치＋1」	힘				특공	특방	13
타르샷	변화	바위			－	100	단일	±0	×	상대를 「불꽃」 약점으로 한다．					－	－	13
투석탄	물리	바위			40	100	단일	±0	×	「탄/볼」 기술．「추격」 기술．상대가 「임의교대」 도중일 때，위력이 강화（2배）된다．	탄/볼		추격		공격	방어	13
파워젬	특수	바위			80	100	단일	±0	×	특수효과 없음．					특공	특방	13
회정갈침	물리	바위			200	－	단일	±0	○	「추격」 기술．상대가 「임의교대」 도중일 때，위력이 강화（2배）된다．		필중	추격		공격	방어	13
히코네성	변화	바위			－	－	자진	±0	×	3T 동안 자진에 「하코네성」을 전개한다．	벽				－	－	13
검게칠하기	물리	고스트			80	－	전체	±0	○	명중 후，상대의 타입을 「없음」으로 한다．		타입변경 필중			공격	방어	14
고스트다이브	물리	고스트			90	100	단일	±0	○	「모으기」 기술．상대의 「방어」 기술을 관통한다．1T째에 「어둠속」으로 모습을 감추고，2T째에 공격한다．상대가 「작아지기」 상태일 때，위력이 강화（2배）되고 「필중」 효과가 부여된다．	모으기	방어관통			공격	방어	14
괴상한바람	특수	고스트			60	100	단일	±0	×	「1할：전능력치＋1」					특공	특방	14
구미의불제	물리	고스트			70	－	단일	－7	○	「강제교대」 기술．「2할：마비」		필중	강제교대		공격	방어	14
그림자꿰매기	물리	고스트			80	100	단일	±0	×	「화살」 기술．명중 후，3T 동안 상대를 「검은눈빛」 상태로 한다．	화살	검은눈빛			공격	방어	14
그림자의창	물리	고스트			50	100	전체	±0	×	「창」 기술．반드시 급소에 맞는다．	창	확정급소			공격	방어	14
길동무	변화	고스트			－	－	자신	±0	×	자신을 「길동무」 상태로 한다．연속해서 내보내면 실패한다．					－	－	14
나이트헤드	특수	고스트			－	100	단일	－3	×	상대에게 HP의 1/3만큼 고정 대미지를 준다．		고정피해			－	－	14
놀래키기	물리	고스트			30	100	단일	±0	○	「3할：풀죽음」					공격	방어	14
도원향	특수	고스트			150	80	단일	±0	×	준 대미지의 1/2만큼 반동 대미지를 받는다．		반동			특공	특방	14
동자베기	물리	고스트			150	－	단일	±0	○	「칼/검」 기술．상대가 「고스트」 타입이 아니면 실패한다．	칼/검				공격	방어	14
마신의망치	물리	고스트			180	－	단일	－3	○	기술을 내보내기 전에 상대의 공격을 받으면 실패한다．					공격	방어	14
미라만들기	변화	고스트			－	100	단일	±0	×	상대의 〔특성〕을 〔미라〕로 변경한다．		특성변경			－	－	14
백귀야행（오리）	특수	고스트			180	95	전체	±0	×	명중 후，자신의 「방어/특방/속도－1」					특공	특방	14
백귀야행（원작）	특수	고스트			60	100	단일	±0	×	상대가 「상태이상」일 때，위력이 강화（2배）된다．「3할：화상」					특공	특방	14
병상첨병	특수	고스트			65	100	단일	±0	×	상대가 「상태이상」일 때，위력이 강화（2배）된다．					특공	특방	14
분노의주먹	물리	고스트			50	100	단일	±0	○	「펀치」 기술．「공격」 기술을 받은 횟수에 비례해 위력이 강화된다．	펀치				공격	방어	14
블랙룸	변화	고스트			－	－	필드	－5	×	전체 필드에 4T 동안 「블랙룸」을 전개한다．	룸				－	－	14
사신의낫	물리	고스트			－	90	단일	±0	○	상대에게 현재 HP의 1/2만큼 고정 대미지를 준다．		고정피해			－	－	14
새벽의명성	특수	고스트			150	100	전체	＋2	×	「필드에 나온 후 최초」가 아니면 실패한다．		최초			특공	특방	14
섀도다이브	물리	고스트			120	100	단일	±0	○	「모으기」 기술．상대의 「방어」 기술을 관통한다．1T째에 「어둠속」으로 모습을 감추고，2T째에 공격한다．상대가 「작아지기」 상태일 때，위력이 강화（2배）되고 「필중」 효과가 부여된다．	모으기	방어관통			공격	방어	14
섀도레이	특수	고스트			100	100	단일	±0	×	상대의 〔방호 특성〕을 관통한다．		특성관통			특공	특방	14
섀도본	물리	고스트			85	100	단일	±0	×	「2할：방어－1」					공격	방어	14
섀도볼	특수	고스트			80	100	단일	±0	×	「탄/볼」 기술．「2할：특방－1」	탄/볼				특공	특방	14
섀도부스트	특수	고스트			130	90	단일	±0	×	명중 후，자신의 「특공－2」					특공	특방	14
섀도스틸	물리	고스트			90	100	단일	±0	○	대미지 계산 전，상대의 「능력변화：＋」를 가능한 만큼 약탈한다．					공격	방어	14
섀도에지	물리	고스트			100	80	단일	±0	×	「칼/검」 기술．급소에 맞기 쉽다（C＋1）．	칼/검				공격	방어	14
섀도클로	물리	고스트			70	100	단일	±0	○	급소에 맞기 쉽다（C＋1）．					공격	방어	14
섀도펀치	물리	고스트			60	－	단일	±0	○	「펀치」 기술．	펀치	필중			공격	방어	14
성묘	물리	고스트			50	100	단일	±0	×	「빈사」 상태인 아군의 수에 비례해 위력이 강화（＋50）된다．					공격	방어	14
수상한촉수	특수	고스트			20	100	단일	＋3	○	상대를 「조이기」 상태로 한다．「필드에 나온 후 최초」가 아니면 실패한다．		조이기			특공	특방	14
아스트랄비트	특수	고스트			120	100	전체	±0	×	추가효과 없음．					특공	특방	14
악몽	변화	고스트			－	100	단일	±0	×	상대를 「악몽」 상태로 한다．상대가 「잠듦」 상태가 아니면 실패한다．					－	－	14
암습	물리	고스트			80	100	단일	＋2	○	연속해서 내보내면 실패하기 쉽다．（「방어」 기술과 별도 판정．）					공격	방어	14
야습	물리	고스트			40	100	단일	＋1	○	특수효과 없음．					공격	방어	14
어둠에서덮치기	물리	고스트			90	100	단일	＋2	○	「필드에 나온 후 최초」가 아니면 실패한다．		최초			공격	방어	14
어둠의칼	물리	고스트			100	100	단일	±0	○	「칼/검」 기술．급소에 맞기 쉽다（C＋1）．	칼/검				공격	방어	14
어둠의화살	특수	고스트			100	－	단일	－3	×	「화살」 기술．	화살	필중					14
어둠의회랑	특수	고스트			150	100	단일	＋2	×	「유턴」 기술．			유턴		특공	특방	14
영법사	변화	고스트			－	－	자신	±0	×	HP를 1/4만큼 지불하고，자진을 「대타출동」 상태로 한다．					－	－	14
영체개조	특수	고스트			70	100	단일	＋1	×	내보낼 때，상대의 타입을 「고스트」로 변경한다．		타입변경			특공	특방	14
오니죽이기	물리	고스트			130	－	단일	±0	×	상대가 「고스트」 타입이 아니면 실패한다．		필중			공격	방어	14
원념	변화	고스트			－	－	단일	±0	×	자신을 「원념」 상태로 한다．					－	－	14
원한	변화	고스트			－	－	단일	±0	×	상대가 마지막으로 사용한 기술에 원한을 품어 그 기술의 PP를 4만큼 줄인다．					－	－	14
유체이탈	특수	고스트			70	100	단일	±0	×	「유턴」 기술．			유턴		특공	특방	14
음양탄	특수	고스트	페어리		130	85	단일	±0	×	「고스트」「페어리」 타입 중 유리한 타입 상성으로 대미지를 계산한다．		복합타입			특공	특방	14
이상한빛	변화	고스트			－	100	단일	±0	×	상대를 「혼란」 상태로 한다．					－	－	14
저주	변화	고스트			－	－	단일	±0	×	HP를 1/2만큼 지불하고，상대를 「저주」 상태로 한다．					－	－	14
저주꼬리	물리	고스트			80	－	단일	±0	○	「2할：저주」					공격	방어	14
저주의무덤	변화	고스트			－	－	적진	±0	×	자신을 「빈사」 상태로 하고，상대를 「저주」 상태로 한다．4T 동안 적진에 「저주의무덤」을 설치한다．	설치 자폭				－	－	14
주원	특수	고스트			－	30	단일	±0	×	「일격필살」 기술．	일격필살				특공	특방	14
죽어줄래？	물리	고스트			－	30	전체	＋1	×	「일격필살」 기술．상대가 「공격」 기술을 내보내지 않으면 실패한다．	일격필살				－	－	14
진혼가	변화	고스트			－	－	단일	±0	×	상대의 「죽음의 카운트」를 「4」로 한다．					－	－	14
짐승의창	물리	고스트			200	100	단일	±0	○	「창」 기술．적진의 「벽」을 해제한 후 기술을 내보낸다．	창	깨트리기			공격	방어	14
천추지한	특수	고스트			60	100	단일	±0	×	상대가 「상태이상」일 때，위력이 강화（2배）된다．「3할：동상」					특공	특방	14
폴터가이스트	물리	고스트			110	90	단일	±0	×	상대에게 「소지품」이 없으면 실패한다．					공격	방어	14
핥기	물리	고스트			30	100	단일	±0	○	「10할：마비」					공격	방어	14
핼러윈	변화	고스트			－	－	단일	±0	×	상대의 타입을 「고스트」로 변경한다．					－	－	14
공간절단	특수	드래곤			100	95	단일	±0	×	급소에 맞기 쉽다（C＋1）．					특공	특방	15
귀신의칼	물리	드래곤			180	－	단일	－3	○	「칼/검」 기술．기술을 내보내기 전에 상대의 공격을 받으면 실패한다．	칼/검	필중			공격	방어	15
다이맥스포	특수	드래곤			100	100	단일	±0	×	상대가 「다이맥스」 중일 때，위력이 강화（2배）된다．					특공	특방	15
대검돌격	물리	드래곤			120	100	단일	±0	○	명중 후，다음 T 상대가 내보내는 기술에 「필중」 효과를 부여하고 위력을 강화（2배）시킨다．					공격	방어	15
더블촙	물리	드래곤			40	90	단일	±0	○	2회 「연속」 기술．		연속			공격	방어	15
드래곤가드	변화	드래곤			－	－	자신	＋3	×	「방어」 기술．「강제교대」 기술．상대의 「공격」 기술을 「방어」한다．「필드에 나온 후 최초」가 아니면 실패한다．	방어	최초	강제교대		－	－	15
드래곤다이브	물리	드래곤			120	75	단일	±0	○	상대가 「작아지기」 상태일 때，위력이 강화（2배）되고 「필중」 효과가 부여된다．「2할：풀죽음」					공격	방어	15
드래곤애로	물리	드래곤			50	100	단일	±0	×	「화살」 기술．2회 「연속」 기술．	화살	연속			공격	방어	15
드래곤에너지（1P）	특수	드래곤			150	100	단일	±0	○	자신의 현재 HP가 적을수록 위력이 약화된다．					특공	특방	15
드래곤에너지（2P）	특수	드래곤			0	100	단일	±0	○	자신의 현재 HP가 적을수록 위력이 약화된다．					특공	특방	15
드래곤클로	물리	드래곤			80	100	단일	±0	○	특수효과 없음．					공격	방어	15
드래곤테일	물리	드래곤			60	90	단일	±0	○	「강제교대」 기술．			강제교대		공격	방어	15
드래곤하울	물리	드래곤			40	－	단일	－7	×	「소리」 기술．「강제교대」 기술．	소리	필중	강제교대		공격	방어	15
드래곤해머	물리	드래곤			90	100	단일	±0	○	특수효과 없음．					공격	방어	15
마가라천포	특수	드래곤			120	－	단일	－7	×	「소리」 기술．「강제교대」 기술．「3할：마비」	소리	필중	강제교대		특공	특방	15
메테오배니시	물리	드래곤			120	100	단일	±0	○	자신과 상대의 「방어」 능력치로 대미지를 계산한다．		변칙계산			방어	방어	15
메테오스트라이크	물리	드래곤			100	95	단일	±0	○	「킥」 기술．급소에 맞기 쉽다（C＋1）．	킥				공격	방어	15
메테오태클	물리	드래곤			120	100	단일	±0	○	준 대미지의 1/3만큼 반동 대미지를 받는다．		반동			공격	방어	15
몸부림치기	물리	드래곤			50	90	전체	±0	×	자진의 「설치물」을 해제한다．		해제			공격	방어	15
무한다이빔	특수	드래곤			160	90	단일	±0	×	명중 후，다음 T 종료 후까지 자신을 「행동불능」 상태로 한다．		행동불능			특공	특방	15
소울비트	변화	드래곤			－	－	자신	±0	×	「소리」 기술．HP를 1/3만큼 지불하고，「전능력치＋1」	소리				－	－	15
스케일노이즈	특수	드래곤			110	100	단일	±0	×	「소리」 기술．명중 후，자신의 「방어－1」	소리				특공	특방	15
스케일샷	물리	드래곤			25	90	단일	±0	×	2～5회 「연속」 기술．「10할：속도＋1」．명중 후，자신의 「방어－1」		연속			공격	방어	15
승리의칼	물리	드래곤			200	－	전체	±0	○	「칼/검」 기술．「추격」 기술．상대가 「임의교대」 도중일 때，위력이 강화（2배）된다．	칼/검	필중	추격		공격	방어	15
시간의포효	특수	드래곤			150	90	단일	±0	×	명중 후，다음 T 종료 후까지 자신을 「행동불능」 상태로 한다．		행동불능			특공	특방	15
역린	물리	드래곤			150	100	단일	±0	○	2T 동안 자신을 「난동부리기」 상태로 한다．		난동부리기			공격	방어	15
와이드브레이커	물리	드래곤			60	100	전체	±0	○	「10할：공격－1」					공격	방어	15
용변신	변화	드래곤			－	－	단일	±0	×	상대의 타입을 「드래곤」으로 변경한다．		타입변경			－	－	15
용성군	특수	드래곤			130	90	단일	±0	×	명중 후，자신의 「특공－2」					특공	특방	15
용의갈고리발톱	물리	드래곤			90	100	단일	±0	○	타입 상성에 의해 무효화되지 않는다．		상성변경			공격	방어	15
용의날개	물리	드래곤			70	100	단일	±0	○	상대보다 먼저 내보낼 때，위력이 강화（2배）된다．					공격	방어	15
용의분노	특수	드래곤			－	100	단일	＋1	×	상대에게 HP의 1/4만큼 고정 대미지를 준다．		고정피해			－	－	15
용의수금	특수	드래곤			120	85	단일	±0	×	「소리」 기술．	소리				특공	특방	15
용의숨결	특수	드래곤			60	100	단일	±0	×	「3할：마비」					특공	특방	15
용의춤	변화	드래곤			－	－	자신	±0	×	「춤」 기술．「공격/속도＋1」	춤				－	－	15
용의카쿠네	물리	드래곤			300	100	전체	±0	○	준 대미지의 1/2만큼 반동 대미지를 받는다．		반동			공격	방어	15
용의파동	특수	드래곤			85	100	단일	±0	×	「파동」 기술．	파동				특공	특방	15
용죽이기	물리	드래곤			130	－	단일	±0	○	상대가 「드래곤」 타입이 아니면 실패한다．		필중			공격	방어	15
울려퍼지는포효	물리	드래곤			80	－	단일	－7	×	「강제교대」 기술．「2할：마비」		필중	강제교대		공격	방어	15
유성권	물리	드래곤			15	100	단일	＋1	×	2～5회 「연속」 기술．		연속			공격	방어	15
천룡포	특수	드래곤			90	－	단일	－3	×	「소리」 기술．「강제교대」 기술．「2할：마비」	소리	필중	강제교대		특공	특방	15
천지삼키기	물리	드래곤			120	90	전체	±0	×	명중 후，전체 필드의 특수한 상태를 해제한다．		해제			공격	방어	15
코어퍼니셔	특수	드래곤			100	100	단일	±0	×	상대보다 나중에 내보낼 때，상대의 〔특성〕을 〔없음〕으로 변경한다．		특성변경			특공	특방	15
티가의포효	물리	드래곤			120	－	단일	－7	×	「소리」 기술．「강제교대」 기술．「3할：마비」	소리	필중	강제교대		공격	방어	15
한판내기	물리	드래곤			80	100	단일	±0	×	〔사령탑〕이 발동한 상태일 때，입 안에 있는 싸리용의 색에 따라 추가효과가 발생한다．					공격	방어	15
혜성	특수	드래곤			40	100	단일	＋1	×	특수효과 없음．					특공	특방	15
회오리	특수	드래곤			40	100	단일	±0	×	「바람」 기술．상대가 「하늘 위」 상태일 때，위력이 강화（2배）된다．「2할：풀죽음」	바람				특공	특방	15
흑룡파	특수	드래곤			200	－	전체	±0	×	「추격」 기술．상대가 「임의교대」 도중일 때，위력이 강화（2배）된다．		필중	추격		특공	특방	15
가로채기	변화	악			－	－	단일	±0	×	상대가 내보내는 「회복」「능력변화」 기술의 대상을 자신으로 변경한다．					－	－	16
거짓울음	변화	악			－	100	단일	±0	×	「특방－2」					－	－	16
검은고양이질주	특수	악	페어리		100	－	단일	±0	×	상대의 「방어」 기술을 관통한다．「악」「페어리」 타입 중 유리한 타입 상성으로 대미지를 계산한다．명중 후，자신의 「방어－1」		방어관통 복합타입 필중			특공	특방	16
고통의배	물리	악			150	－	단일	±0	○	상대가 「조이기」 상태가 아니면 실패한다．명중 후，상대의 「조이기」 상태를 해제한다．		필중			공격	방어	16
금제	변화	악			－	100	단일	±0	×	5T 동안 상대를 「금제」 상태로 한다．					－	－	16
기습	물리	악			70	100	단일	＋1	○	상대가 공격기술을 내보내지 않거나，상대보다 나중에 내보내면 실패한다．					공격	방어	16
기어오르기（1P）	물리	악			20	100	단일	±0	○	자신의 「능력변화：＋」에 비례해 위력이 강화（＋20，최대 860）된다．					공격	방어	16
기어오르기（2P）	물리	악			40	100	단일	±0	○	자신의 「능력변화：＋」에 비례해 위력이 강화（＋20，최대 860）된다．					공격	방어	16
깜짝베기	물리	악			90	100	단일	±0	○	「칼/검」 기술．급소에 맞기 쉽다（C＋1）．	칼/검				공격	방어	16
깨물어부수기	물리	악			80	100	단일	±0	○	「물기/엄니」 기술．「2할： 방어－1」	물기/엄니				공격	방어	16
꼬리말기	물리	악			40	100	단일	＋1	○	「유턴」 기술．			유턴		공격	방어	16
나락의턱	물리	악			150	90	단일	－5	○	「강제교대」 기술．			강제교대		공격	방어	16
나쁜음모	변화	악			－	－	자신	±0	×	「특공＋2」					－	－	16
나이트버스트	특수	악			85	95	단일	±0	×	 「4할：명중－1」					특공	특방	16
나이프투척	물리	악			15	100	단일	＋1	×	2～5회 「연속」 기술．		연속			공격	방어	16
내던지기	물리	악			－	100	단일	±0	×	지니고 있는 「소지품」을 사용해 공격한다．사용한 「소지품」에 따라 위력과 효과가 변화한다．					공격	방어	16
이차원러시	물리	악			100	－	단일	±0	×	상대의 「방어」 기술을 관통한다．명중 후，자신의 「방어－1」		방어관통 필중			공격	방어	16
다크액셀	물리	악			80	100	단일	±0	×	「1할：잠듦」					공격	방어	16
다크홀	변화	악			－	50	전체	±0	×	상대를 「잠듦」 상태로 한다．					－	－	16
덮쳐들기	물리	악			130	85	단일	＋1	○	상대가 공격기술을 내보내지 않으면 실패한다．연속해서 내보내면 실패하기 쉽다．（「방어」 기술과 별도 판정．）					공격	방어	16
데드러시	물리	악			120	100	전체	±0	○	명중 후，자신의 「방어/특방－1」					공격	방어	16
데드엔드	물리	악			－	30	단일	±0	○	「일격필살」 기술．	일격필살				공격	방어	16
도각참	물리	악			85	ㅍ	단일	±0	○	「칼/검」 기술．	칼/검	필중			공격	방어	16
도둑질	물리	악			60	100	단일	±0	○	상대의 「소지품」을 약탈（파괴）한다．					공격	방어	16
도발	변화	악			－	100	단일	±0	×	3T 동안 상대를 「도발」 상태로 한다．					－	－	16
되돌려주기	변화	악			－	－	자신	±0	×	4～5T 동안 자신을 「요격」 상태로 한다．					－	－	16
뒤집어엎기	변화	악			－	100	단일	±0	×	상대의 「능력변화」를 반전한다．					－	－	16
뒷치기	물리	악			120	100	단일	±0	×	자신과 상대의 「속도」 능력치로 대미지를 계산한다．		변칙계산			속도	속도	16
따돌리기	특수	악			120	100	단일	±0	×	자신과 상대의 「속도」 능력치로 대미지를 계산한다．		변칙계산			속도	속도	16
따라가때리기	물리	악			40	100	단일	±0	×	「추격」 기술．상대가 「임의교대」 도중일 때，위력이 강화（2배）된다．			추격		공격	방어	16
떠보기	물리	악			100	85	단일	－3	○	상대의 「방어」 기술을 관통한다．		방어관통			공격	방어	16
로드킬	물리	악			120	100	단일	±0	○	준 대미지의 1/4만큼 반동 대미지를 받는다．		반동			공격	방어	16
막말내뱉기	변화	악			－	100	단일	±0	×	「소리」 기술．「유턴」 기술．상대의 「공격/특공－1」	소리		유턴		－	－	16
망나니도끼	물리	악			150	80	단일	±0	○	준 대미지의 1/2만큼 반동 대미지를 받는다．		반동			공격	방어	16
몰살	물리	악			150	90	단일	±0	○	명중 후，다음 T 종료 후까지 자신을 「행동불능」 상태로 한다．		행동불능			공격	방어	16
물고늘어지기	물리	악			35	85	단일	±0	○	4～5T 동안 상대를 「조이기」 상태로 한다．		조이기			공격	방어	16
물고버티기	물리	악			80	100	단일	±0	○	「물기/엄니」 기술．어느 한 쪽이 「빈사」 상태가 될 때까지 교체할 수 없게 된다．	물기/엄니	검은눈빛			공격	방어	16
물기	물리	악			60	100	단일	±0	○	「물기/엄니」 기술．「3할：풀죽음」	물기/엄니				공격	방어	16
물어뜯기	물리	악			130	100	단일	±0	○	연속해서 내보내면 실패하기 쉽다．（「방어」 기술과 별도 판정．）					공격	방어	16
물어죽이기	물리	악			150	80	단일	±0	○	준 대미지의 1/2만큼 반동 대미지를 받는다．		반동			공격	방어	16
바꿔치기	변화	악			－	100	단일	±0	×	서로의 「소지품」을 뒤바꾼다．「소지품」이 없으면 실패한다．					－	－	16
바이스드레인	특수	악			90	90	단일	±0	○	준 대미지의 1/2만큼 HP를 회복한다．		드레인			특공	특방	16
바크아웃	특수	악			55	95	단일	±0	×	「소리」 기술．「10할：특공－1」	소리				특공	특방	16
벗겨내기	물리	악			50	－	단일	±0	○	명중 후，상대의 「능력변화」를 「초기화」한다．		초기화 필중			공격	방어	16
베어클로	물리	악			－	100	단일	±0	○	상대에게 현재 HP의 1/2만큼 고정 대미지를 준다．		고정피해			－	－	16
보복	물리	악			50	100	단일	±0	○	상대보다 나중에 내보낼 때，위력이 강화（2배）된다．					공격	방어	16
부추기기	변화	악			－	100	단일	±0	×	자신을 「혼란」 상태로 하고，「특공＋1」					－	－	16
분풀이	물리	악			75	100	단일	±0	○	자신에게 「능력변화：－」가 발생했을 때，위력이 강화（2배）된다．					공격	방어	16
블로킹	변화	악			－	－	자신	＋4	×	「방어」 기술．상대의 「공격」 기술을 「방어」한다．연속해서 내보내면 실패하기 쉽다．「접촉」 기술을 무효화했을 때，상대의 「방어－2」	방어				－	－	16
비검천중파	물리	악			65	90	단일	±0	○	「칼/검」 기술．명중 후，적진에 「압정」을 설치한다．	설치 칼/검				공격	방어	16
뺑소니	물리	악			100	85	단일	±0	×	「유턴」 기술．			유턴		공격	방어	16
사죄의찌르기	물리	악			80	－	단일	±0	○	특수효과 없음．		필중			공격	방어	16
산산조각베기	물리	악			25	85	단일	±0	○	2～5회 「연속」 기술．「필드에 나온 후 최초」가 아니면 실패한다．「10할：풀죽음」		연속 최초			공격	방어	16
세차게휘두르기	물리	악			60	100	단일	±0	○	특수효과 없음．					공격	방어	16
속여때리기	물리	악			60	－	단일	±0	○	특수효과 없음．		필중			공격	방어	16
속임수	물리	악			95	100	단일	±0	○	상대의 「공격」 능력치로 대미지를 계산한다．		변칙계산			공격	방어	16
손톱갈기	변화	악			－	－	자신	±0	×	「공격/명중＋1」					－	－	16
순서미루기	변화	악			－	100	단일	±0	×	상대를 「순서미루기」 상태로 한다．					－	－	16
승부굳히기	물리	악			60	100	단일	±0	×	상대의 HP가 「가득」이 아닐 때，위력이 강화（2배）된다．					공격	방어	16
악의소굴	변화	악			－	－	적진	±0	×	「설치」 기술．상대가 필드에 나왔을 때，상대를 「악인」 상태로 한다．	설치				－	－	16
악의유혹	변화	악			－	100	단일	±0	×	상대의 타입을 「악」으로 변경한다．		타입변경			－	－	16
악의파동	특수	악			80	100	단일	±0	×	「파동」 기술．「2할：풀죽음」	파동				특공	특방	16
암흑강타	물리	악			75	100	단일	±0	○	「펀치」 기술．반드시 급소에 맞는다．상대의 「방어/특방/회피」의 상승（강화）을 관통한다．	펀치	상승무시 확정급소			공격	방어	16
앙갚음	물리	악			－	100	단일	±0	○	상대로부터 받은 「물리」 대미지의 2배만큼 고정 대미지를 준다．		고정피해			－	－	16
야만의칼	물리	악			200	100	전체	±0	○	「칼/검」 기술．2T 동안 자신을 「난동부리기」 상태로 한다．	칼/검	난동부리기			공격	방어	16
야상곡	특수	악			100	90	전체	±0	×	「소리」 기술．「1할：특공－1」	소리				특공	특방	16
요격	변화	악			－	－	자신	±0	×	4～5T 동안 자신을 「요격」 상태로 한다．					－	－	16
이닦기	변화	악			－	－	자신	±0	×	「공격/C＋1」					－	－	16
이빌블래스트	특수	악			150	90	단일	±0	×	명중 후，다음 T 종료 후까지 자신을 「행동불능」 상태로 한다．		행동불능			특공	특방	16
잘게썰기	물리	악			25	100	단일	±0	○	「칼/검」 기술．2～5회 「연속」 기술．	칼/검	연속			공격	방어	16
종언의어둠	물리	악			150	100	전체	＋2	×	「필드에 나온 후 최초」가 아니면 실패한다．		최초			공격	방어	16
지옥찌르기	물리	악			80	100	단일	±0	○	명중 후，2T 동안 상대를 「침묵」 상태로 한다．					공격	방어	16
집단구타	물리	악			30	100	단일	±0	○	「연속」 기술．「빈사」 상태가 아닌 아군의 수와 같은 횟수까지 내보낼 수 있다．		연속			공격	방어	16
추억의선물	변화	악			－	100	단일	±0	×	자신을 「빈사」 상태로 하고， 상대의 「공격/특공－2」	자폭				－	－	16
카타스트로피	특수	악			－	90	단일	±0	×	상대에게 현재 HP의 1/2만큼 고정 대미지를 준다．					－	－	16
타오르는분노	특수	악			90	100	전체	±0	×	「2할：풀죽음」					특공	특방	16
탁쳐서떨구기（1P）	물리	악			65	100	단일	±0	○	「소지품 파괴」 기술．상대의 「소지품」을 파괴할 때，위력이 강화（1.5배）된다．		파괴			공격	방어	16
탁쳐서떨구기（2P）	물리	악			65	100	단일	±0	○	「소지품 파괴」 기술．상대의 「소지품」을 파괴할 때，위력이 강화（1.5배）된다．		파괴			공격	방어	16
트집	변화	악			－	100	단일	±0	×	상대를 「트집」 상태로 한다．					－	－	16
허세	특수	악			70	100	단일	－3	×	상대의 「방어」 기술을 관통한다．		방어관통			특공	특방	16
헤드샷	특수	악			50	100	단일	±0	×	「탄/볼」 기술．반드시 급소에 맞는다．	탄/볼	확정급소			특공	특방	16
혼내기（1P）	물리	악			80	100	단일	±0	○	상대의 「능력변화：＋」에 비례해 위력이 강화（＋20，최대 200）된다．					공격	방어	16
혼내기（2P）	물리	악			60	100	단일	±0	○	상대의 「능력변화：＋」에 비례해 위력이 강화（＋20，최대 200）된다．					공격	방어	16
휘저어할퀴기	물리	악			70	－	단일	－7	○	「강제교대」 기술．급소에 맞기 쉽다（C＋1）．		필중	강제교대		공격	방어	16
DD래리어트	물리	악			85	100	단일	±0	○	상대의 「방어/특방/회피」의 상승（강화）을 관통한다．		상승무시			공격	방어	16
강철날개	물리	강철			70	90	단일	±0	○	「1할：방어＋1」					공격	방어	17
강철도끼	물리	강철			150	80	단일	±0	○	준 대미지의 1/2만큼 반동 대미지를 받는다．		반동			공격	방어	17
강철엄니	물리	강철			65	95	단일	±0	○	「1할：풀죽음」「1할：공격＋ 1」					공격	방어	17
강철캐논	물리	강철			100	－	단일	－7	○	「탄/볼」 기술．기술을 내보내기 전에 「접촉」 기술을 받으면 상대를 「화상」 상태로 한다．	탄/볼	필중			공격	방어	17
개틀링슬래그	물리	강철			130	85	단일	±0	○	「3할：공격＋1」					공격	방어	17
거대해머	물리	강철			160	100	단일	±0	×	연속해서 내보내면 실패한다．					공격	방어	17
거수참	물리	강철			100	100	단일	±0	○	「칼/검」 기술．상대가 「다이맥스」 중일 때，위력이 강화（2배）된다．	칼/검				공격	방어	17
거수탄	물리	강철			100	100	단일	±0	○	상대가 「다이맥스」 중일 때，위력이 강화（2배）된다．					공격	방어	17
거인죽이기	물리	강철			200	100	단일	±0	○	적진의 「벽」을 해제한 후 기술을 내보낸다．		깨트리기			공격	방어	17
검으로방어	변화	강철			－	－	자신	＋3	×	「방어」 기술．상대의 「공격」 기술을 「방어」한다．연속해서 내보내면 실패하기 쉽다．「접촉」 기술을 무효화했을 때，자신의 「공격＋1」	방어				－	－	17
골드러시	특수	강철			120	100	전체	±0	×	명중 후，자신의 「특공－1」					특공	특방	17
금속음	변화	강철			－	85	단일	±0	×	「소리」 기술．「특방－2」	소리				－	－	17
기어소서	물리	강철			50	85	단일	±0	○	2회 「연속」 기술．		연속			공격	방어	17
기어체인지	변화	강철			－	－	자신	±0	×	「공격＋1」「속도＋2」					－	－	17
꼬챙이형	물리	강철			90	100	전체	±0	○	명중 후，2T 동안 상대를 「검은눈빛」 상태로 한다．		검은눈빛			공격	방어	17
네일건	물리	강철			30	100	단일	－3	○	2～5회 「연속」 기술．상대의 「방어」 기술을 관통한다．		방어관통 연속			공격	방어	17
녹슨바람	특수	강철			100	100	전체	±0	×	「소지품 파괴」 기술．		파괴			특공	특방	17
농성	변화	강철			－	－	자신	±0	×	「방어＋2」					－	－	17
더블펀처	물리	강철			60	100	단일	±0	○	「펀치」 기술．2회 「연속」 기술．「3할：풀죽음」	펀치	연속			공격	방어	17
되받아치기	물리	강철			70	100	단일	－7	○	기술을 내보내기 전에 상대의 공격을 받으면 반드시 급소에 맞는다．		확정급소			공격	방어	17
러스터캐논	특수	강철			80	100	단일	±0	×	「1할：특방－1」					특공	특방	17
로케트펀치	물리	강철			130	100	단일	±0	○	「펀치」 기술．「모으기」 기술．명중 후，자신의 「방어＋1」	펀치 모으기				공격	방어	17
마그넷봄	물리	강철			60	－	단일	±0	×	「탄/볼」 기술．	탄/볼	필중			공격	방어	17
마그넷웨이브	물리	강철			120	85	전체	±0	×	「4할：마비」					공격	방어	17
마그마어퍼	물리	강철			130	70	단일	±0	○	날씨가 「쾌청（큰가뭄）」일 때，상대의 「방어」 기술을 관통한다．		방어관통			공격	방어	17
메탈버스트	물리	강철			－	100	단일	±0	×	상대로부터 받은 대미지의 1．5배만큼 고정 대미지를 준다．		고정피해			공격	방어	17
메탈클로	물리	강철			50	95	단일	±0	○	「1할：공격＋1」					공격	방어	17
메테오드라이브	물리	강철			100	100	단일	±0	○	상대의 〔방호 특성〕을 관통한다．		특성관통			공격	방어	17
미러샷	특수	강철			65	85	단일	±0	×	「3할：명중－1」					특공	특방	17
바디퍼지	변화	강철			－	－	자신	±0	×	「속도＋2」					－	－	17
발칸포	물리	강철			15	100	단일	＋1	×	2～5회 「연속」 기술．		연속			공격	방어	17
베어들기	물리	강철			80	100	단일	±0	○	「칼/검」 기술．「10할：공격－1」	칼/검				공격	방어	17
불릿펀치	물리	강철			40	100	단일	＋1	○	「펀치」 기술．	펀치				공격	방어	17
비스켓해머	물리	강철			150	100	단일	－3	○	상대의 「방어」 기술을 관통한다．상대가 「방어」 기술을 내보내고 있지 않으면 실패한다．					공격	방어	17
사철의칼	물리	강철			70	100	단일	±0	○	「칼/검」 기술．상대가 「전기」 타입이거나 〔자력〕일 때，「효과가 굉장」해진다．	칼/검	상성변경			공격	방어	17
성스러운사슬	물리	강철			100	95	단일	±0	×	「5할：마비」					공격	방어	17
스마트혼	물리	강철			70	－	단일	±0	○	특수효과 없음．		필중			공격	방어	17
스틸소드	물리	강철			90	100	단일	±0	○	「칼/검」 기술．급소에 맞기 쉽다（C＋1）．	칼/검				공격	방어	17
실드차지	물리	강철			70	100	단일	－3	○	상대의 「방어」 기술을 관통한다．자신과 상대의 「방어」 능력치로 대미지를 계산한다．		방어관통 변칙계산			방어	방어	17
아이언랜스	물리	강철			130	100	단일	±0	×	「창」 기술．연속해서 내보내면 실패하기 쉽다．（「방어」 기술과 별도 판정．）	창				공격	방어	17
아이언롤러	물리	강철			130	100	단일	±0	○	전체 필드가 「필드」 상태가 아니면 실패한다．명중 후，전체 필드의 특수한 상태를 해제한다．		해제			공격	방어	17
아이언테일	물리	강철			100	75	단일	±0	○	「3할：방어－1」					공격	방어	17
아이언헤드	물리	강철			80	100	단일	±0	○	「3할：풀죽음」					공격	방어	17
앵커샷	물리	강철			80	100	단일	±0	○	명중 후，3T 동안 상대를 「검은눈빛」 상태로 한다．		검은눈빛			공격	방어	17
어시스트기어	변화	강철			－	－	자신	±0	×	「특성：플러스（마이너스）」인 아군의 「공격/특공＋1」					－	－	17
오니에게몽둥이	물리	강철			180	－	단일	－3	○	기술을 내보내기 전에 상대의 공격을 받으면 실패한다．		필중			공격	방어	17
운철	물리	강철			80	100	단일	＋2	○	연속해서 내보내면 실패하기 쉽다．（「방어」 기술과 별도 판정．）					공격	방어	17
은의빛	특수	강철			130	100	단일	±0	×	연속해서 내보내면 실패하기 쉽다．（「방어」 기술과 별도 판정．）					특공	특방	17
은의사슬	물리	강철			80	－	단일	±0	×	상대를 「조이기」 상태로 한다．		조이기 필중			공격	방어	17
자이로볼	물리	강철			120	100	단일	±0	○	「탄/볼」 기술．자신과 상대의 「속도」 능력치를 반전해 대미지를 계산한다．	탄/볼	변칙계산			속도	속도	17
중기관총	물리	강철			25	100	단일	±0	×	「탄/볼」 기술．2～5회 「연속」 기술．	탄/볼	연속			공격	방어	17
참철검	물리	강철			70	100	단일	±0	○	「칼/검」 기술．상대가 「강철」 타입일 때，「효과가 굉장」해진다．		상성변경			공격	방어	17
천의검	물리	강철			25	85	단일	＋3	○	2～5회 「연속」 기술．「필드에 나온 후 최초」가 아니면 실패한다．「10할：풀죽음」		연속 최초			공격	방어	17
철갑탄	물리	강철			150	90	단일	－3	×	「탄/볼」 기술．상대의 「방어」 기술을 관통한다．상대가 「방어」 기술을 내보내고 있지 않으면 실패한다．	탄/볼	방어관통			공격	방어	17
철벽	변화	강철			－	－	자신	±0	×	「방어＋2」					－	－	17
철제광선	특수	강철			140	95	단일	±0	×	HP의 1/2만큼 반동 대미지를 받는다．		반동			특공	특방	17
체인가드	변화	강철			－	－	자신	＋3	×	「방어」 기술．상대의 「공격」 기술을 「방어」한다．연속해서 내보내면 실패하기 쉽다．상대의 기술을 무효화했을 때，아군과 「임의교대」한다．	방어		유턴		－	－	17
칼날닳기	물리	강철			150	100	단일	－3	○	「칼/검」 기술．기술을 내보내기 전에 상대의 공격을 받으면 실패한다．	칼/검				공격	방어	17
칼로방어	변화	강철			－	－	자신	＋3	×	「방어」 기술．상대의 「공격」 기술을 「방어」한다．연속해서 내보내면 실패하기 쉽다．「접촉」 기술을 무효화했을 때，자신의 「공격＋1」	방어				－	－	17
코멧버스터	특수	강철			120	85	단일	±0	×	「3할：특공＋1」					특공	특방	17
코멧펀치	물리	강철			90	90	단일	±0	○	「펀치」 기술．「2할：공격＋1」	펀치				공격	방어	17
킹블레이드	물리	강철			80	－	단일	±0	○	「칼/검」 기술．자신과 상대의 「공격」 능력치로 대미지를 계산한다．	칼/검	변칙계산			공격	공격	17
킹실드	변화	강철			－	－	단일	＋4	×	「방어」 기술．상대의 「공격」 기술을 「방어」한다．연속해서 내보내면 실패하기 쉽다．「접촉」 기술을 무효화했을 때，상대의 「공격－2」	방어				－	－	17
탱크차지	물리	강철			120	100	단일	±0	×	명중 후，자신의 「방어/특방－1」					공격	방어	17
파멸의소원	특수	강철			140	100	단일	±0	×	「미래예지」 기술．상대를 「파멸의소원」 상태로 한다．	미래예지	방어관통			특공	특방	17
파일드라이버	물리	강철			150	100	단일	±0	○	연속해서 내보내면 실패하기 쉽다．（「방어」 기술과 별도 판정．）					공격	방어	17
파일벙커	물리	강철			50	100	단일	±0	○	반드시 급소에 맞는다．		확정급소			공격	방어	17
헤비봄버	물리	강철			120	100	단일	±0	○	자신과 상대의 「방어」 능력치로 대미지를 계산한다．		변칙계산			방어	방어	17
헤비불릿	물리	강철			90	100	단일	＋2	○	「탄/볼」 기술．「필드에 나온 후 최초」가 아니면 실패한다．	탄/볼	최초			공격	방어	17
휠스핀	물리	강철			100	100	단일	±0	○	명중 후，자신의 「속도－2」					공격	방어	17
고양이밥	변화	페어리			－	－	자신	±0	×	HP를 1/2만큼 회복한다．		회복			－	－	18
고양이질주	물리	페어리			80	－	단일	±0	×	「고양이」 기술．상대의 「방어」 기술을 관통한다．	고양이	방어관통 필중			공격	방어	18
고양이킥	물리	페어리			120	70	단일	±0	○	「고양이」 기술．「킥」 기술．	고양이 킥				공격	방어	18
고양이펀치	물리	페어리			25	85	단일	±0	○	「고양이」 기술．「펀치」 기술．2～5회 「연속」 기술．	고양이 펀치	연속			공격	방어	18
꿈의끝	물리	페어리			180	－	단일	－3	○	명중 후，상대의 「잠듦」 상태를 치유한다．상대가 「잠듦」 상태가 아니면 실패한다．		필중			공격	방어	18
내숭떨기	특수	페어리			70	100	단일	－3	×	상대의 「방어」 기술을 관통한다．		방어관통			특공	특방	18
달빛	변화	페어리			－	－	자신	±0	×	HP를 회복한다．날씨에 따라 회복량이 변화한다．（1/4，1/2，2/3）		회복			－	－	18
데코레이션	변화	페어리			－	－	아군	±0	×	 「공격/특공＋2」				더블배틀	－	－	18
독사과	변화	페어리			－	100	단일	＋1	×	상대를 「독」 상태로 한다．					－	－	18
드레인댄스	특수	페어리			50	100	단일	±0	○	「유턴」 기술．준 대미지의 3/4만큼 HP를 회복한다．		드레인	유턴		특공	특방	18
드레인키스	특수	페어리			50	100	단일	±0	○	준 대미지의 3/4만큼 HP를 회복한다．		드레인			특공	특방	18
마법의검	물리	페어리			90	100	단일	±0	○	「마법」 기술．「칼/검」 기술．급소에 맞기 쉽다（C＋1）．	마법 칼/검				공격	방어	18
마법의창	물리	페어리			100	90	단일	±0	×	「마법」 기술．「창」 기술．급소에 맞기 쉽다（C＋1）．	마법 창				공격	방어	18
마법의화살	특수	페어리			100	－	단일	－3	×	「마법」 기술．「화살」 기술．	마법 화살	필중			특공	특방	18
매지컬샤인	특수	페어리			80	100	전체	±0	×	「마법」 기술．	마법				특공	특방	18
문포스	특수	페어리			95	100	단일	±0	×	「3할：특공－1」					특공	특방	18
미스트버스트	특수	페어리			100	100	전체	±0	×	자신을 「빈사」 상태로 하고，상대의 「방어」 능력치를 반감해서 대미지를 계산한다．전체 필드가 「미스트필드」 상태일 때，위력이 강화（1.5배）된다．	자폭				특공	특방	18
미스트필드	변화	페어리			－	－	필드	±0	×	5T 동안 전체 필드를 「미스트필드」 상태로 한다．	필드				－	－	18
백렬육구	물리	페어리			25	85	단일	＋3	○	「고양이」 기술．2～5회 「연속」 기술．「필드에 나온 후 최초」가 아니면 실패한다．「10할：풀죽음」	고양이	최초			공격	방어	18
봄의폭풍	특수	페어리			100	80	전체	±0	×	「바람」 기술．「10할：공격－1」	바람				특공	특방	18
빛의칼	물리	페어리			100	100	단일	±0	×	「칼/검」 기술．날씨가 「쾌청（큰가뭄）」일 때， 위력이 강화（1.5배）된다．	칼/검				공격	방어	18
소울크래시	물리	페어리			75	100	단일	±0	○	「10할：특공－1」					공격	방어	18
아로마미스트	변화	페어리			－	－	자신	±0	×	 「특방＋1」					－	－	18
아양떨기	변화	페어리			－	100	단일	±0	×	상대를 「혼란」 상태로 하고，상대의 「속도＋2」					－	－	18
애교부리기	변화	페어리			－	100	단일	±0	×	 「공격－2」					－	－	18
어린애속이기	특수	페어리			40	100	단일	＋3	×	「필드에 나온 후 최초」가 아니면 실패한다．「10할：풀죽음」		최초			특공	특방	18
역광의칼	물리	페어리			150	100	단일	－7	○	「칼/검」 기술．「추격」 기술．	칼/검		추격		공격	방어	18
올려다보기	변화	페어리			－	100	단일	－1	×	「명중－2」					－	－	18
요술방망이	물리	페어리			50	－	단일	±0	×	명중 후，상대의 「능력변화」를 「초기화」한다．		초기화 필중			공격	방어	18
요정의노래	특수	페어리			100	100	단일	±0	×	「소리」 기술．	소리				특공	특방	18
요정의바람	특수	페어리			40	100	단일	±0	×	「바람」 기술．	바람				특공	특방	18
요정포	특수	페어리			150	90	단일	±0	×	명중 후，다음 T 종료 후까지 자신을 「행동불능」 상태로 한다．		행동불능			특공	특방	18
원더스팀	특수	페어리			90	95	단일	±0	×	「2할：혼란」					특공	특방	18
월면붕락	특수	페어리			200	100	전체	＋2	×	상대의 〔방호 특성〕을 관통한다．연속해서 내보내면 실패하기 쉽다．（「방어」 기술과 별도 판정．）		특성관통			특공	특방	18
유리구두	변화	페어리			－	－	자신	±0	×	다음 T，자신의 기술의 우선도를 ＋1한다．					－	－	18
자연의분노	특수	페어리			－	90	단일	±0	×	상대에게 현재 HP의 1/2만큼 고정 대미지를 준다．		고정피해			－	－	18
지오컨트롤	변화	페어리			－	－	자신	±0	×	「모으기」 기술．「특공/특방/속도＋2」	모으기				－	－	18
차밍보이스	특수	페어리			40	－	단일	±0	×	「소리」 기술．	소리	필중			특공	특방	18
천사의키스	변화	페어리			－	75	단일	±0	×	상대를 「혼란」 상태로 한다．					－	－	18
초롱초롱눈동자	변화	페어리			－	100	단일	＋1	×	「공격－1」					－	－	18
초승달베기	물리	페어리			100	50	단일	±0	○	「칼/검」 기술．2회 「연속」 기술．	칼/검	연속			공격	방어	18
치근거리기	물리	페어리			90	90	단일	±0	○	「1할：공격－1」					공격	방어	18
카미카쿠시	변화	페어리			－	100	단일	＋1	×	「강제교대」 기술．「필드에 나온 후 최초」가 아니면 실패한다．		최초	강제교대		－	－	18
쿠사나기의검	물리	페어리			150	90	전체	－5	×	「칼/검」 기술．「강제교대」 기술．	칼/검		강제교대		공격	방어	18
토끼뜀	물리	페어리			70	100	단일	±0	○	「유턴」 기술．			유턴		공격	방어	18
트릭가드	변화	페어리			－	－	자진	±0	×	「방어」 기술．상대의 「변화」 기술을 「방어」한다．	방어				－	－	18
파멸의빛	특수	페어리			140	90	단일	±0	×	준 대미지의 1/2만큼 반동 대미지를 받는다．		반동			특공	특방	18
페어리록	변화	페어리			－	－	단일	±0	×	2T 동안 상대를 「검은눈빛」 상태로 한다．		검은눈빛			－	－	18
페어리테일	물리	페어리			90	90	단일	±0	○	「2할：풀죽음」					공격	방어	18
플라워가드	변화	페어리			－	－	필드	±0	×	필드의 「풀」 타입 전원의 「방어＋1」					－	－	18
플라워힐	변화	페어리			－	－	자신	±0	×	HP를 1/2만큼 회복한다．전체 필드가 「그래스필드」 상태일 때，회복량이 강화（2/3）된다．		회복			－	－	18
플뢰르캐논	특수	페어리			130	90	단일	±0	×	명중 후，자신의 「특공－2」					특공	특방	18
피범벅도끼	물리	페어리			150	80	단일	±0	×	준 대미지의 1/2만큼 반동 대미지를 받는다．		반동			공격	방어	18
허무의마법	특수	페어리			180	95	전체	±0	×	「마법」 기술．명중 후，자신의 「방어/특방/속도－1」	마법				특공	특방	18
미원물질	물리	다크			200	100	전체	±0	×	추가효과 없음．					공격	방어	19
암흑포	특수	다크			150	－	전체	±0	×	「추격」 기술．상대가 「임의교대」 도중일 때，위력이 강화（2배）된다．		필중	추격		특공	특방	19
암흑폭탄	물리	다크			150	－	전체	±0	×	상대의 「방어」 기술을 관통한다．		방어관통 필중			공격	방어	19
대지의파동	특수	???	노말		50	100	단일	±0	×	「파동」 기술．「필드」에 따라 타입과 위력이 변화한다．	파동	타입변화			특공	특방	20
레이징불	물리	???	노말		90	100	단일	±0	○	자신의 폼에 따라 기술의 타입이 변화한다．적진의 「벽」을 해제한 후 기술을 내보낸다．		깨트리기 타입변화			공격	방어	20
룬창（1P）	물리	???	노말		90	100	단일	±0	×	「창」 기술．자신의 「타입1」과 같은 타입이 된다．	창	타입변화			공격	방어	20
룬창（2P）	물리	???	악		90	100	단일	±0	×	「창」 기술．자신의 「타입1」과 같은 타입이 된다．	창	타입변화			공격	방어	20
멀티어택（1P）	물리	???	노말		90	100	단일	±0	○	자신이 지니고 있는 메모리에 따라 기술의 타입이 변화한다．		타입변화			공격	방어	20
멀티어택（2P）	물리	???	노말		90	100	단일	±0	○	자신이 지니고 있는 메모리에 따라 기술의 타입이 변화한다．		타입변화			공격	방어	20
발버둥	물리	???	???		50	－	단일	±0	○	HP의 1/4만큼 반동 대미지를 받는다．		반동			공격	방어	20
배의뭉치（1P）	특수	???	풀		80	80	단일	±0	×	지니고 있는 「나무열매」를 사용해 내보낸다．사용한 「나무열매」에 따라 타입과 위력이 변화한다．「나무열매」가 없으면 실패한다．		타입변화			특공	특방	20
배의뭉치（2P）	특수	???	풀		80	80	단일	±0	×	지니고 있는 「나무열매」를 사용해 내보낸다．사용한 「나무열매」에 따라 타입과 위력이 변화한다．「나무열매」가 없으면 실패한다．		타입변화			특공	특방	20
색즉시공（1P）	특수	???	노말		100	100	단일	±0	×	자신의 「타입1」과 같은 타입이 된다．		타입변화			특공	특방	20
색즉시공（2P）	특수	???	악		100	100	단일	±0	×	자신의 「타입1」과 같은 타입이 된다．		타입변화			특공	특방	20
세븐스소드	물리	???	???		70	－	단일	±0	○	「칼/검」 기술．습득 개체에 따라 타입이 변화한다．	칼/검	타입변화 필중			공격	방어	20
심판의뭉치（1P）	특수	???	노말		100	100	단일	±0	×	자신이 지니고 있는 플레이트에 따라 타입이 변화한다．		타입변화			특공	특방	20
심판의뭉치（2P）	특수	???	노말		100	100	단일	±0	×	자신이 지니고 있는 플레이트에 따라 타입이 변화한다．		타입변화			특공	특방	20
아라가미탄	특수	???	???		150	－	단일	±0	×	「파동」「탄」 기술．상대의 「방어」 기술을 관통한다．	탄/볼 파동	방어관통			특공	특방	20
완철구슬（1P）	특수	???	노말		150	－	단일	±0	×	「탄/볼」 기술．상대의 「방어」 기술을 관통한다．자신의 「타입1」과 같은 타입이 된다．	탄/볼	방어관통 타입변화 필중			특공	특방	20
완철구슬（2P）	특수	???	악		150	－	단일	±0	×	「탄/볼」 기술．상대의 「방어」 기술을 관통한다．자신의 「타입1」과 같은 타입이 된다．	탄/볼	방어관통 타입변화 필중			특공	특방	20
웨더볼	특수	???	노말		50	100	단일	±0	×	「탄/볼」 기술．날씨에 따라 타입과 위력이 변화한다．	탄/볼	타입변화			특공	특방	20
자연의은혜（1P）	물리	???	노말		80	100	단일	±0	×	지니고 있는 「나무열매」를 사용해 내보낸다．사용한 「나무열매」에 따라 타입과 위력이 변화한다．「나무열매」가 없으면 실패한다．		타입변화			공격	방어	20
자연의은혜（2P）	물리	???	노말		80	100	단일	±0	×	지니고 있는 「나무열매」를 사용해 내보낸다．사용한 「나무열매」에 따라 타입과 위력이 변화한다．「나무열매」가 없으면 실패한다．		타입변화			공격	방어	20
잠재댄스（1P）	특수	???	노말		90	100	단일	±0	×	「춤」 기술．자신의 「타입1」과 같은 타입이 된다．	춤	타입변화			특공	특방	20
잠재댄스（2P）	특수	???	악		90	100	단일	±0	×	「춤」 기술．자신의 「타입1」과 같은 타입이 된다．	춤	타입변화			특공	특방	20
잠재파워	특수	???	???		70	100	단일	±0	×	습득 개체에 따라 타입이 변화한다．		타입변화			특공	특방	20
저주1	변화	???	???		－	－	단일	±0	×	「공격/방어＋1」「속도－1」					－	－	20
테라버스트	특수	???	노말		80	100	단일	±0	×	자신의 「테라스탈」 타입에 따라 기술의 타입이 변화한다．자신의 공>특공일 때，기술의 분류를 「물리」로 한다．					특공	특방	20
테크노버스터（1P）	특수	???	노말		120	100	단일	±0	×	자신이 지니고 있는 카세트에 따라 기술의 타입이 변화한다．		타입변화			특공	특방	20
테크노버스터（2P）	특수	???	노말		120	100	단일	±0	×	자신이 지니고 있는 카세트에 따라 기술의 타입이 변화한다．		타입변화			특공	특방	20
혼란	물리	???	???		40	－	단일	±0	×	혼란함!					공격	방어	20